2026-05-26 22:00:57 error: ValidationError: Movies validation failed: genre: Path `genre` is required.
    at model.validate (C:\Users\Asus\OneDrive\Desktop\cineflix\backend\booking-service\node_modules\mongoose\lib\document.js:2864:36)
    at process.processTicksAndRejections (node:internal/process/task_queues:105:5)
    at async model.$__save (C:\Users\Asus\OneDrive\Desktop\cineflix\backend\booking-service\node_modules\mongoose\lib\model.js:393:7)
    at async model.save (C:\Users\Asus\OneDrive\Desktop\cineflix\backend\booking-service\node_modules\mongoose\lib\model.js:667:5)
    at async Function.create (C:\Users\Asus\OneDrive\Desktop\cineflix\backend\booking-service\node_modules\mongoose\lib\model.js:2747:5)
    at async createMovie (file:///C:/Users/Asus/OneDrive/Desktop/cineflix/backend/booking-service/src/controllers/movieController.js:24:35)
2026-05-26 22:01:26 error: ValidationError: Movies validation failed: genre: Path `genre` is required.
    at model.validate (C:\Users\Asus\OneDrive\Desktop\cineflix\backend\booking-service\node_modules\mongoose\lib\document.js:2864:36)
    at process.processTicksAndRejections (node:internal/process/task_queues:105:5)
    at async model.$__save (C:\Users\Asus\OneDrive\Desktop\cineflix\backend\booking-service\node_modules\mongoose\lib\model.js:393:7)
    at async model.save (C:\Users\Asus\OneDrive\Desktop\cineflix\backend\booking-service\node_modules\mongoose\lib\model.js:667:5)
    at async Function.create (C:\Users\Asus\OneDrive\Desktop\cineflix\backend\booking-service\node_modules\mongoose\lib\model.js:2747:5)
    at async createMovie (file:///C:/Users/Asus/OneDrive/Desktop/cineflix/backend/booking-service/src/controllers/movieController.js:24:35)
2026-05-26 22:03:09 error: ReferenceError: genra is not defined
    at createMovie (file:///C:/Users/Asus/OneDrive/Desktop/cineflix/backend/booking-service/src/controllers/movieController.js:25:45)
    at Layer.handleRequest (C:\Users\Asus\OneDrive\Desktop\cineflix\backend\booking-service\node_modules\router\lib\layer.js:152:17)
    at next (C:\Users\Asus\OneDrive\Desktop\cineflix\backend\booking-service\node_modules\router\lib\route.js:157:13)
    at Route.dispatch (C:\Users\Asus\OneDrive\Desktop\cineflix\backend\booking-service\node_modules\router\lib\route.js:117:3)
    at handle (C:\Users\Asus\OneDrive\Desktop\cineflix\backend\booking-service\node_modules\router\index.js:435:11)
    at Layer.handleRequest (C:\Users\Asus\OneDrive\Desktop\cineflix\backend\booking-service\node_modules\router\lib\layer.js:152:17)
    at C:\Users\Asus\OneDrive\Desktop\cineflix\backend\booking-service\node_modules\router\index.js:295:15
    at processParams (C:\Users\Asus\OneDrive\Desktop\cineflix\backend\booking-service\node_modules\router\index.js:582:12)
    at next (C:\Users\Asus\OneDrive\Desktop\cineflix\backend\booking-service\node_modules\router\index.js:291:5)
    at Function.handle (C:\Users\Asus\OneDrive\Desktop\cineflix\backend\booking-service\node_modules\router\index.js:186:3)
2026-05-26 22:08:59 error: Error: querySrv EREFUSED _mongodb._tcp.cluster0.giocrh7.mongodb.net
    at QueryReqWrap.onresolve [as oncomplete] (node:internal/dns/promises:294:17)
2026-05-26 22:09:47 error: Error: querySrv ECONNREFUSED _mongodb._tcp.cluster0.giocrh7.mongodb.net
    at QueryReqWrap.onresolve [as oncomplete] (node:internal/dns/promises:294:17)
2026-05-26 22:10:11 error: Error: querySrv ECONNREFUSED _mongodb._tcp.cluster0.giocrh7.mongodb.net
    at QueryReqWrap.onresolve [as oncomplete] (node:internal/dns/promises:294:17)
2026-05-26 22:10:17 error: Error: querySrv ECONNREFUSED _mongodb._tcp.cluster0.giocrh7.mongodb.net
    at QueryReqWrap.onresolve [as oncomplete] (node:internal/dns/promises:294:17)
2026-05-26 22:13:22 error: Error: querySrv ECONNREFUSED _mongodb._tcp.cluster0.giocrh7.mongodb.net
    at QueryReqWrap.onresolve [as oncomplete] (node:internal/dns/promises:294:17)
2026-05-26 22:13:25 error: Error: querySrv ECONNREFUSED _mongodb._tcp.cluster0.giocrh7.mongodb.net
    at QueryReqWrap.onresolve [as oncomplete] (node:internal/dns/promises:294:17)
2026-05-26 22:20:42 error: ObjectParameterError: Parameter "filter" to find() must be an object, got "action" (type string)
    at Query.find (C:\Users\Asus\OneDrive\Desktop\cineflix\backend\booking-service\node_modules\mongoose\lib\query.js:2542:16)
    at Function.find (C:\Users\Asus\OneDrive\Desktop\cineflix\backend\booking-service\node_modules\mongoose\lib\model.js:2116:13)
    at getMovieGenre (file:///C:/Users/Asus/OneDrive/Desktop/cineflix/backend/booking-service/src/controllers/movieController.js:73:36)
    at Layer.handleRequest (C:\Users\Asus\OneDrive\Desktop\cineflix\backend\booking-service\node_modules\router\lib\layer.js:152:17)
    at next (C:\Users\Asus\OneDrive\Desktop\cineflix\backend\booking-service\node_modules\router\lib\route.js:157:13)
    at Route.dispatch (C:\Users\Asus\OneDrive\Desktop\cineflix\backend\booking-service\node_modules\router\lib\route.js:117:3)
    at handle (C:\Users\Asus\OneDrive\Desktop\cineflix\backend\booking-service\node_modules\router\index.js:435:11)
    at Layer.handleRequest (C:\Users\Asus\OneDrive\Desktop\cineflix\backend\booking-service\node_modules\router\lib\layer.js:152:17)
    at C:\Users\Asus\OneDrive\Desktop\cineflix\backend\booking-service\node_modules\router\index.js:295:15
    at param (C:\Users\Asus\OneDrive\Desktop\cineflix\backend\booking-service\node_modules\router\index.js:600:14)
2026-05-26 22:23:25 error: MongoNetworkError: getaddrinfo ENOTFOUND ac-sk1pioz-shard-00-01.giocrh7.mongodb.net
    at TLSSocket.<anonymous> (C:\Users\Asus\OneDrive\Desktop\cineflix\backend\booking-service\node_modules\mongodb\lib\cmap\connect.js:314:44)
    at Object.onceWrapper (node:events:633:26)
    at TLSSocket.emit (node:events:518:28)
    at emitErrorNT (node:internal/streams/destroy:170:8)
    at emitErrorCloseNT (node:internal/streams/destroy:129:3)
    at process.processTicksAndRejections (node:internal/process/task_queues:90:21)
2026-05-26 22:35:29 error: error creating new theatre...
2026-05-26 22:36:12 error: error creating new theatre...
2026-05-26 22:36:30 error: undefined
2026-05-26 22:36:45 error: MongoServerError: E11000 duplicate key error collection: test.theatres index: theatreName_1 dup key: { theatreName: "PVR Centrio" }
    at InsertOneOperation.handleOk (C:\Users\Asus\OneDrive\Desktop\cineflix\backend\booking-service\node_modules\mongodb\lib\operations\insert.js:51:19)
    at executeOperationWithRetries (C:\Users\Asus\OneDrive\Desktop\cineflix\backend\booking-service\node_modules\mongodb\lib\operations\execute_operation.js:194:34)
    at process.processTicksAndRejections (node:internal/process/task_queues:105:5)
    at async executeOperation (C:\Users\Asus\OneDrive\Desktop\cineflix\backend\booking-service\node_modules\mongodb\lib\operations\execute_operation.js:83:16)
    at async Collection.insertOne (C:\Users\Asus\OneDrive\Desktop\cineflix\backend\booking-service\node_modules\mongodb\lib\collection.js:154:16)
    at async model.$__save (C:\Users\Asus\OneDrive\Desktop\cineflix\backend\booking-service\node_modules\mongoose\lib\model.js:428:16)
    at async model.save (C:\Users\Asus\OneDrive\Desktop\cineflix\backend\booking-service\node_modules\mongoose\lib\model.js:667:5)
    at async Function.create (C:\Users\Asus\OneDrive\Desktop\cineflix\backend\booking-service\node_modules\mongoose\lib\model.js:2747:5)
    at async createTheatre (file:///C:/Users/Asus/OneDrive/Desktop/cineflix/backend/booking-service/src/controllers/theatrecontroller.js:16:37)
2026-05-26 22:45:35 error: error creating new show...
2026-05-26 22:45:56 error: MongooseError: Model.findById() no longer accepts a callback
    at Function.findById (C:\Users\Asus\OneDrive\Desktop\cineflix\backend\booking-service\node_modules\mongoose\lib\model.js:2149:11)
    at createShow (file:///C:/Users/Asus/OneDrive/Desktop/cineflix/backend/booking-service/src/controllers/showController.js:9:43)
    at Layer.handleRequest (C:\Users\Asus\OneDrive\Desktop\cineflix\backend\booking-service\node_modules\router\lib\layer.js:152:17)
    at next (C:\Users\Asus\OneDrive\Desktop\cineflix\backend\booking-service\node_modules\router\lib\route.js:157:13)
    at Route.dispatch (C:\Users\Asus\OneDrive\Desktop\cineflix\backend\booking-service\node_modules\router\lib\route.js:117:3)
    at handle (C:\Users\Asus\OneDrive\Desktop\cineflix\backend\booking-service\node_modules\router\index.js:435:11)
    at Layer.handleRequest (C:\Users\Asus\OneDrive\Desktop\cineflix\backend\booking-service\node_modules\router\lib\layer.js:152:17)
    at C:\Users\Asus\OneDrive\Desktop\cineflix\backend\booking-service\node_modules\router\index.js:295:15
    at processParams (C:\Users\Asus\OneDrive\Desktop\cineflix\backend\booking-service\node_modules\router\index.js:582:12)
    at next (C:\Users\Asus\OneDrive\Desktop\cineflix\backend\booking-service\node_modules\router\index.js:291:5)
2026-05-26 22:49:40 error: ReferenceError: theatre is not defined
    at createShow (file:///C:/Users/Asus/OneDrive/Desktop/cineflix/backend/booking-service/src/controllers/showController.js:9:52)
    at Layer.handleRequest (C:\Users\Asus\OneDrive\Desktop\cineflix\backend\booking-service\node_modules\router\lib\layer.js:152:17)
    at next (C:\Users\Asus\OneDrive\Desktop\cineflix\backend\booking-service\node_modules\router\lib\route.js:157:13)
    at Route.dispatch (C:\Users\Asus\OneDrive\Desktop\cineflix\backend\booking-service\node_modules\router\lib\route.js:117:3)
    at handle (C:\Users\Asus\OneDrive\Desktop\cineflix\backend\booking-service\node_modules\router\index.js:435:11)
    at Layer.handleRequest (C:\Users\Asus\OneDrive\Desktop\cineflix\backend\booking-service\node_modules\router\lib\layer.js:152:17)
    at C:\Users\Asus\OneDrive\Desktop\cineflix\backend\booking-service\node_modules\router\index.js:295:15
    at processParams (C:\Users\Asus\OneDrive\Desktop\cineflix\backend\booking-service\node_modules\router\index.js:582:12)
    at next (C:\Users\Asus\OneDrive\Desktop\cineflix\backend\booking-service\node_modules\router\index.js:291:5)
    at Function.handle (C:\Users\Asus\OneDrive\Desktop\cineflix\backend\booking-service\node_modules\router\index.js:186:3)
2026-05-26 22:51:52 error: ReferenceError: theatre is not defined
    at createShow (file:///C:/Users/Asus/OneDrive/Desktop/cineflix/backend/booking-service/src/controllers/showController.js:9:52)
    at Layer.handleRequest (C:\Users\Asus\OneDrive\Desktop\cineflix\backend\booking-service\node_modules\router\lib\layer.js:152:17)
    at next (C:\Users\Asus\OneDrive\Desktop\cineflix\backend\booking-service\node_modules\router\lib\route.js:157:13)
    at Route.dispatch (C:\Users\Asus\OneDrive\Desktop\cineflix\backend\booking-service\node_modules\router\lib\route.js:117:3)
    at handle (C:\Users\Asus\OneDrive\Desktop\cineflix\backend\booking-service\node_modules\router\index.js:435:11)
    at Layer.handleRequest (C:\Users\Asus\OneDrive\Desktop\cineflix\backend\booking-service\node_modules\router\lib\layer.js:152:17)
    at C:\Users\Asus\OneDrive\Desktop\cineflix\backend\booking-service\node_modules\router\index.js:295:15
    at processParams (C:\Users\Asus\OneDrive\Desktop\cineflix\backend\booking-service\node_modules\router\index.js:582:12)
    at next (C:\Users\Asus\OneDrive\Desktop\cineflix\backend\booking-service\node_modules\router\index.js:291:5)
    at Function.handle (C:\Users\Asus\OneDrive\Desktop\cineflix\backend\booking-service\node_modules\router\index.js:186:3)
2026-05-26 22:52:49 error: ReferenceError: thetre is not defined
    at createShow (file:///C:/Users/Asus/OneDrive/Desktop/cineflix/backend/booking-service/src/controllers/showController.js:28:53)
    at process.processTicksAndRejections (node:internal/process/task_queues:105:5)
2026-05-26 22:55:25 error: ValidationError: Show validation failed: movie: Cast to ObjectId failed for value "hailMary" (type string) at path "movie", ShowDay: Path `ShowDay` is required., ShowDate: Path `ShowDate` is required.
    at Document.invalidate (C:\Users\Asus\OneDrive\Desktop\cineflix\backend\booking-service\node_modules\mongoose\lib\document.js:3444:32)
    at model.$set (C:\Users\Asus\OneDrive\Desktop\cineflix\backend\booking-service\node_modules\mongoose\lib\document.js:1530:12)
    at model.$set (C:\Users\Asus\OneDrive\Desktop\cineflix\backend\booking-service\node_modules\mongoose\lib\document.js:1170:16)
    at model.Document (C:\Users\Asus\OneDrive\Desktop\cineflix\backend\booking-service\node_modules\mongoose\lib\document.js:181:12)
    at model.Model (C:\Users\Asus\OneDrive\Desktop\cineflix\backend\booking-service\node_modules\mongoose\lib\model.js:137:12)
    at new model (C:\Users\Asus\OneDrive\Desktop\cineflix\backend\booking-service\node_modules\mongoose\lib\model.js:4861:15)
    at Function.create (C:\Users\Asus\OneDrive\Desktop\cineflix\backend\booking-service\node_modules\mongoose\lib\model.js:2744:16)
    at createShow (file:///C:/Users/Asus/OneDrive/Desktop/cineflix/backend/booking-service/src/controllers/showController.js:28:45)
    at process.processTicksAndRejections (node:internal/process/task_queues:105:5)
2026-05-26 22:57:47 error: ValidationError: Show validation failed: movie: Cast to ObjectId failed for value "hailMary" (type string) at path "movie", ShowDay: Path `ShowDay` is required., ShowDate: Path `ShowDate` is required.
    at Document.invalidate (C:\Users\Asus\OneDrive\Desktop\cineflix\backend\booking-service\node_modules\mongoose\lib\document.js:3444:32)
    at model.$set (C:\Users\Asus\OneDrive\Desktop\cineflix\backend\booking-service\node_modules\mongoose\lib\document.js:1530:12)
    at model.$set (C:\Users\Asus\OneDrive\Desktop\cineflix\backend\booking-service\node_modules\mongoose\lib\document.js:1170:16)
    at model.Document (C:\Users\Asus\OneDrive\Desktop\cineflix\backend\booking-service\node_modules\mongoose\lib\document.js:181:12)
    at model.Model (C:\Users\Asus\OneDrive\Desktop\cineflix\backend\booking-service\node_modules\mongoose\lib\model.js:137:12)
    at new model (C:\Users\Asus\OneDrive\Desktop\cineflix\backend\booking-service\node_modules\mongoose\lib\model.js:4861:15)
    at Function.create (C:\Users\Asus\OneDrive\Desktop\cineflix\backend\booking-service\node_modules\mongoose\lib\model.js:2744:16)
    at createShow (file:///C:/Users/Asus/OneDrive/Desktop/cineflix/backend/booking-service/src/controllers/showController.js:28:45)
    at process.processTicksAndRejections (node:internal/process/task_queues:105:5)
2026-05-26 23:00:29 error: ValidationError: Show validation failed: movie: Cast to ObjectId failed for value "hailMary" (type string) at path "movie", ShowDate: Path `ShowDate` is required.
    at Document.invalidate (C:\Users\Asus\OneDrive\Desktop\cineflix\backend\booking-service\node_modules\mongoose\lib\document.js:3444:32)
    at model.$set (C:\Users\Asus\OneDrive\Desktop\cineflix\backend\booking-service\node_modules\mongoose\lib\document.js:1530:12)
    at model.$set (C:\Users\Asus\OneDrive\Desktop\cineflix\backend\booking-service\node_modules\mongoose\lib\document.js:1170:16)
    at model.Document (C:\Users\Asus\OneDrive\Desktop\cineflix\backend\booking-service\node_modules\mongoose\lib\document.js:181:12)
    at model.Model (C:\Users\Asus\OneDrive\Desktop\cineflix\backend\booking-service\node_modules\mongoose\lib\model.js:137:12)
    at new model (C:\Users\Asus\OneDrive\Desktop\cineflix\backend\booking-service\node_modules\mongoose\lib\model.js:4861:15)
    at Function.create (C:\Users\Asus\OneDrive\Desktop\cineflix\backend\booking-service\node_modules\mongoose\lib\model.js:2744:16)
    at createShow (file:///C:/Users/Asus/OneDrive/Desktop/cineflix/backend/booking-service/src/controllers/showController.js:28:45)
    at process.processTicksAndRejections (node:internal/process/task_queues:105:5)
2026-05-26 23:01:29 error: ValidationError: Show validation failed: ShowDate: Path `ShowDate` is required.
    at model.validate (C:\Users\Asus\OneDrive\Desktop\cineflix\backend\booking-service\node_modules\mongoose\lib\document.js:2864:36)
    at process.processTicksAndRejections (node:internal/process/task_queues:105:5)
    at async model.$__save (C:\Users\Asus\OneDrive\Desktop\cineflix\backend\booking-service\node_modules\mongoose\lib\model.js:393:7)
    at async model.save (C:\Users\Asus\OneDrive\Desktop\cineflix\backend\booking-service\node_modules\mongoose\lib\model.js:667:5)
    at async Function.create (C:\Users\Asus\OneDrive\Desktop\cineflix\backend\booking-service\node_modules\mongoose\lib\model.js:2747:5)
    at async createShow (file:///C:/Users/Asus/OneDrive/Desktop/cineflix/backend/booking-service/src/controllers/showController.js:28:34)
2026-05-26 23:01:43 error: ValidationError: Show validation failed: ShowDate: Path `ShowDate` is required.
    at model.validate (C:\Users\Asus\OneDrive\Desktop\cineflix\backend\booking-service\node_modules\mongoose\lib\document.js:2864:36)
    at process.processTicksAndRejections (node:internal/process/task_queues:105:5)
    at async model.$__save (C:\Users\Asus\OneDrive\Desktop\cineflix\backend\booking-service\node_modules\mongoose\lib\model.js:393:7)
    at async model.save (C:\Users\Asus\OneDrive\Desktop\cineflix\backend\booking-service\node_modules\mongoose\lib\model.js:667:5)
    at async Function.create (C:\Users\Asus\OneDrive\Desktop\cineflix\backend\booking-service\node_modules\mongoose\lib\model.js:2747:5)
    at async createShow (file:///C:/Users/Asus/OneDrive/Desktop/cineflix/backend/booking-service/src/controllers/showController.js:28:34)
2026-05-26 23:13:31 error: error creating new bookings
2026-05-26 23:15:01 error: ReferenceError: show is not defined
    at createBooking (file:///C:/Users/Asus/OneDrive/Desktop/cineflix/backend/booking-service/src/controllers/bookingController.js:10:79)
    at Layer.handleRequest (C:\Users\Asus\OneDrive\Desktop\cineflix\backend\booking-service\node_modules\router\lib\layer.js:152:17)
    at next (C:\Users\Asus\OneDrive\Desktop\cineflix\backend\booking-service\node_modules\router\lib\route.js:157:13)
    at Route.dispatch (C:\Users\Asus\OneDrive\Desktop\cineflix\backend\booking-service\node_modules\router\lib\route.js:117:3)
    at handle (C:\Users\Asus\OneDrive\Desktop\cineflix\backend\booking-service\node_modules\router\index.js:435:11)
    at Layer.handleRequest (C:\Users\Asus\OneDrive\Desktop\cineflix\backend\booking-service\node_modules\router\lib\layer.js:152:17)
    at C:\Users\Asus\OneDrive\Desktop\cineflix\backend\booking-service\node_modules\router\index.js:295:15
    at processParams (C:\Users\Asus\OneDrive\Desktop\cineflix\backend\booking-service\node_modules\router\index.js:582:12)
    at next (C:\Users\Asus\OneDrive\Desktop\cineflix\backend\booking-service\node_modules\router\index.js:291:5)
    at Function.handle (C:\Users\Asus\OneDrive\Desktop\cineflix\backend\booking-service\node_modules\router\index.js:186:3)
2026-06-24 14:47:20 error: ValidationError: Booking validation failed: user: Path `user` is required.
    at model.validate (C:\Users\Asus\OneDrive\Desktop\cineflix\backend\booking-service\node_modules\mongoose\lib\document.js:2864:36)
    at process.processTicksAndRejections (node:internal/process/task_queues:105:5)
    at async model.$__save (C:\Users\Asus\OneDrive\Desktop\cineflix\backend\booking-service\node_modules\mongoose\lib\model.js:393:7)
    at async model.save (C:\Users\Asus\OneDrive\Desktop\cineflix\backend\booking-service\node_modules\mongoose\lib\model.js:667:5)
    at async Function.create (C:\Users\Asus\OneDrive\Desktop\cineflix\backend\booking-service\node_modules\mongoose\lib\model.js:2747:5)
    at async createBooking (file:///C:/Users/Asus/OneDrive/Desktop/cineflix/backend/booking-service/src/controllers/bookingController.js:14:37)
2026-06-24 14:50:05 error: ValidationError: Booking validation failed: user: Path `user` is required.
    at model.validate (C:\Users\Asus\OneDrive\Desktop\cineflix\backend\booking-service\node_modules\mongoose\lib\document.js:2864:36)
    at process.processTicksAndRejections (node:internal/process/task_queues:105:5)
    at async model.$__save (C:\Users\Asus\OneDrive\Desktop\cineflix\backend\booking-service\node_modules\mongoose\lib\model.js:393:7)
    at async model.save (C:\Users\Asus\OneDrive\Desktop\cineflix\backend\booking-service\node_modules\mongoose\lib\model.js:667:5)
    at async Function.create (C:\Users\Asus\OneDrive\Desktop\cineflix\backend\booking-service\node_modules\mongoose\lib\model.js:2747:5)
    at async createBooking (file:///C:/Users/Asus/OneDrive/Desktop/cineflix/backend/booking-service/src/controllers/bookingController.js:14:37)
2026-06-24 15:51:20 error: Error: querySrv ECONNREFUSED _mongodb._tcp.cluster0.giocrh7.mongodb.net
    at QueryReqWrap.onresolve [as oncomplete] (node:internal/dns/promises:294:17)
2026-06-27 11:18:48 error: Error: querySrv ECONNREFUSED _mongodb._tcp.cluster0.giocrh7.mongodb.net
    at QueryReqWrap.onresolve [as oncomplete] (node:internal/dns/promises:294:17)
2026-06-30 10:14:15 error: AggregateError [ECONNREFUSED]: 
    at internalConnectMultiple (node:net:1139:18)
    at afterConnectMultiple (node:net:1714:7)
2026-06-30 10:14:15 error: AggregateError [ECONNREFUSED]: 
    at internalConnectMultiple (node:net:1139:18)
    at afterConnectMultiple (node:net:1714:7)
2026-06-30 10:14:15 error: AggregateError [ECONNREFUSED]: 
    at internalConnectMultiple (node:net:1139:18)
    at afterConnectMultiple (node:net:1714:7)
2026-06-30 10:14:15 error: AggregateError [ECONNREFUSED]: 
    at internalConnectMultiple (node:net:1139:18)
    at afterConnectMultiple (node:net:1714:7)
2026-06-30 10:14:15 error: AggregateError [ECONNREFUSED]: 
    at internalConnectMultiple (node:net:1139:18)
    at afterConnectMultiple (node:net:1714:7)
2026-06-30 10:14:15 error: AggregateError [ECONNREFUSED]: 
    at internalConnectMultiple (node:net:1139:18)
    at afterConnectMultiple (node:net:1714:7)
2026-06-30 10:14:16 error: AggregateError [ECONNREFUSED]: 
    at internalConnectMultiple (node:net:1139:18)
    at afterConnectMultiple (node:net:1714:7)
2026-06-30 10:14:16 error: AggregateError [ECONNREFUSED]: 
    at internalConnectMultiple (node:net:1139:18)
    at afterConnectMultiple (node:net:1714:7)
2026-06-30 10:14:17 error: AggregateError [ECONNREFUSED]: 
    at internalConnectMultiple (node:net:1139:18)
    at afterConnectMultiple (node:net:1714:7)
2026-06-30 10:14:17 error: AggregateError [ECONNREFUSED]: 
    at internalConnectMultiple (node:net:1139:18)
    at afterConnectMultiple (node:net:1714:7)
2026-06-30 10:14:18 error: AggregateError [ECONNREFUSED]: 
    at internalConnectMultiple (node:net:1139:18)
    at afterConnectMultiple (node:net:1714:7)
2026-06-30 10:14:18 error: AggregateError [ECONNREFUSED]: 
    at internalConnectMultiple (node:net:1139:18)
    at afterConnectMultiple (node:net:1714:7)
2026-06-30 10:14:19 error: AggregateError [ECONNREFUSED]: 
    at internalConnectMultiple (node:net:1139:18)
    at afterConnectMultiple (node:net:1714:7)
2026-06-30 10:14:19 error: AggregateError [ECONNREFUSED]: 
    at internalConnectMultiple (node:net:1139:18)
    at afterConnectMultiple (node:net:1714:7)
2026-06-30 10:14:20 error: AggregateError [ECONNREFUSED]: 
    at internalConnectMultiple (node:net:1139:18)
    at afterConnectMultiple (node:net:1714:7)
2026-06-30 10:14:21 error: AggregateError [ECONNREFUSED]: 
    at internalConnectMultiple (node:net:1139:18)
    at afterConnectMultiple (node:net:1714:7)
2026-06-30 10:14:22 error: AggregateError [ECONNREFUSED]: 
    at internalConnectMultiple (node:net:1139:18)
    at afterConnectMultiple (node:net:1714:7)
2026-06-30 10:14:23 error: AggregateError [ECONNREFUSED]: 
    at internalConnectMultiple (node:net:1139:18)
    at afterConnectMultiple (node:net:1714:7)
2026-06-30 10:14:23 error: AggregateError [ECONNREFUSED]: 
    at internalConnectMultiple (node:net:1139:18)
    at afterConnectMultiple (node:net:1714:7)
2026-06-30 10:14:24 error: AggregateError [ECONNREFUSED]: 
    at internalConnectMultiple (node:net:1139:18)
    at afterConnectMultiple (node:net:1714:7)
2026-06-30 10:14:25 error: AggregateError [ECONNREFUSED]: 
    at internalConnectMultiple (node:net:1139:18)
    at afterConnectMultiple (node:net:1714:7)
2026-06-30 10:14:27 error: AggregateError [ECONNREFUSED]: 
    at internalConnectMultiple (node:net:1139:18)
    at afterConnectMultiple (node:net:1714:7)
2026-06-30 10:14:28 error: AggregateError [ECONNREFUSED]: 
    at internalConnectMultiple (node:net:1139:18)
    at afterConnectMultiple (node:net:1714:7)
2026-06-30 10:14:29 error: AggregateError [ECONNREFUSED]: 
    at internalConnectMultiple (node:net:1139:18)
    at afterConnectMultiple (node:net:1714:7)
2026-06-30 10:14:30 error: AggregateError [ECONNREFUSED]: 
    at internalConnectMultiple (node:net:1139:18)
    at afterConnectMultiple (node:net:1714:7)
2026-06-30 10:14:31 error: AggregateError [ECONNREFUSED]: 
    at internalConnectMultiple (node:net:1139:18)
    at afterConnectMultiple (node:net:1714:7)
2026-06-30 10:14:33 error: AggregateError [ECONNREFUSED]: 
    at internalConnectMultiple (node:net:1139:18)
    at afterConnectMultiple (node:net:1714:7)
2026-06-30 10:14:34 error: AggregateError [ECONNREFUSED]: 
    at internalConnectMultiple (node:net:1139:18)
    at afterConnectMultiple (node:net:1714:7)
2026-06-30 10:14:35 error: AggregateError [ECONNREFUSED]: 
    at internalConnectMultiple (node:net:1139:18)
    at afterConnectMultiple (node:net:1714:7)
2026-06-30 10:14:37 error: AggregateError [ECONNREFUSED]: 
    at internalConnectMultiple (node:net:1139:18)
    at afterConnectMultiple (node:net:1714:7)
2026-06-30 10:14:38 error: AggregateError [ECONNREFUSED]: 
    at internalConnectMultiple (node:net:1139:18)
    at afterConnectMultiple (node:net:1714:7)
2026-06-30 10:14:40 error: AggregateError [ECONNREFUSED]: 
    at internalConnectMultiple (node:net:1139:18)
    at afterConnectMultiple (node:net:1714:7)
2026-06-30 10:14:42 error: AggregateError [ECONNREFUSED]: 
    at internalConnectMultiple (node:net:1139:18)
    at afterConnectMultiple (node:net:1714:7)
2026-06-30 10:14:43 error: AggregateError [ECONNREFUSED]: 
    at internalConnectMultiple (node:net:1139:18)
    at afterConnectMultiple (node:net:1714:7)
2026-06-30 10:14:45 error: AggregateError [ECONNREFUSED]: 
    at internalConnectMultiple (node:net:1139:18)
    at afterConnectMultiple (node:net:1714:7)
2026-06-30 10:14:47 error: AggregateError [ECONNREFUSED]: 
    at internalConnectMultiple (node:net:1139:18)
    at afterConnectMultiple (node:net:1714:7)
2026-06-30 10:14:48 error: AggregateError [ECONNREFUSED]: 
    at internalConnectMultiple (node:net:1139:18)
    at afterConnectMultiple (node:net:1714:7)
2026-06-30 10:14:50 error: AggregateError [ECONNREFUSED]: 
    at internalConnectMultiple (node:net:1139:18)
    at afterConnectMultiple (node:net:1714:7)
2026-06-30 10:28:11 error: error in get show by movie route
2026-06-30 10:28:37 error: CastError: Cast to ObjectId failed for value "{ id: '69e114d49f75378ce67dd699' }" (type Object) at path "_id" for model "Show"
    at SchemaObjectId.cast (C:\Users\Asus\OneDrive\Desktop\cineflix\backend\booking-service\node_modules\mongoose\lib\schema\objectId.js:252:11)
    at SchemaType.applySetters (C:\Users\Asus\OneDrive\Desktop\cineflix\backend\booking-service\node_modules\mongoose\lib\schemaType.js:1372:12)
    at SchemaType.castForQuery (C:\Users\Asus\OneDrive\Desktop\cineflix\backend\booking-service\node_modules\mongoose\lib\schemaType.js:1798:17)
    at cast (C:\Users\Asus\OneDrive\Desktop\cineflix\backend\booking-service\node_modules\mongoose\lib\cast.js:315:34)
    at Query.cast (C:\Users\Asus\OneDrive\Desktop\cineflix\backend\booking-service\node_modules\mongoose\lib\query.js:5212:12)
    at Query._castConditions (C:\Users\Asus\OneDrive\Desktop\cineflix\backend\booking-service\node_modules\mongoose\lib\query.js:2409:10)
    at model.Query._findOne (C:\Users\Asus\OneDrive\Desktop\cineflix\backend\booking-service\node_modules\mongoose\lib\query.js:2756:8)
    at model.Query.exec (C:\Users\Asus\OneDrive\Desktop\cineflix\backend\booking-service\node_modules\mongoose\lib\query.js:4797:80)
    at process.processTicksAndRejections (node:internal/process/task_queues:105:5)
    at async getShowByMovie (file:///C:/Users/Asus/OneDrive/Desktop/cineflix/backend/booking-service/src/controllers/showController.js:64:25)
2026-06-30 10:30:32 error: movie id not provided
2026-06-30 10:30:54 error: movie id not provided
2026-06-30 11:56:10 error: Error: querySrv ECONNREFUSED _mongodb._tcp.cluster0.giocrh7.mongodb.net
    at QueryReqWrap.onresolve [as oncomplete] (node:internal/dns/promises:294:17)
2026-06-30 11:58:33 error: CastError: Cast to ObjectId failed for value "undefined" (type string) at path "_id" for model "Movies"
    at SchemaObjectId.cast (C:\Users\Asus\OneDrive\Desktop\cineflix\backend\booking-service\node_modules\mongoose\lib\schema\objectId.js:252:11)
    at SchemaType.applySetters (C:\Users\Asus\OneDrive\Desktop\cineflix\backend\booking-service\node_modules\mongoose\lib\schemaType.js:1372:12)
    at SchemaType.castForQuery (C:\Users\Asus\OneDrive\Desktop\cineflix\backend\booking-service\node_modules\mongoose\lib\schemaType.js:1798:17)
    at cast (C:\Users\Asus\OneDrive\Desktop\cineflix\backend\booking-service\node_modules\mongoose\lib\cast.js:386:32)
    at Query.cast (C:\Users\Asus\OneDrive\Desktop\cineflix\backend\booking-service\node_modules\mongoose\lib\query.js:5212:12)
    at Query._castConditions (C:\Users\Asus\OneDrive\Desktop\cineflix\backend\booking-service\node_modules\mongoose\lib\query.js:2409:10)
    at model.Query._findOne (C:\Users\Asus\OneDrive\Desktop\cineflix\backend\booking-service\node_modules\mongoose\lib\query.js:2756:8)
    at model.Query.exec (C:\Users\Asus\OneDrive\Desktop\cineflix\backend\booking-service\node_modules\mongoose\lib\query.js:4797:80)
    at process.processTicksAndRejections (node:internal/process/task_queues:105:5)
    at async getMovieById (file:///C:/Users/Asus/OneDrive/Desktop/cineflix/backend/booking-service/src/controllers/movieController.js:74:23)
2026-06-30 11:58:33 error: CastError: Cast to ObjectId failed for value "undefined" (type string) at path "_id" for model "Movies"
    at SchemaObjectId.cast (C:\Users\Asus\OneDrive\Desktop\cineflix\backend\booking-service\node_modules\mongoose\lib\schema\objectId.js:252:11)
    at SchemaType.applySetters (C:\Users\Asus\OneDrive\Desktop\cineflix\backend\booking-service\node_modules\mongoose\lib\schemaType.js:1372:12)
    at SchemaType.castForQuery (C:\Users\Asus\OneDrive\Desktop\cineflix\backend\booking-service\node_modules\mongoose\lib\schemaType.js:1798:17)
    at cast (C:\Users\Asus\OneDrive\Desktop\cineflix\backend\booking-service\node_modules\mongoose\lib\cast.js:386:32)
    at Query.cast (C:\Users\Asus\OneDrive\Desktop\cineflix\backend\booking-service\node_modules\mongoose\lib\query.js:5212:12)
    at Query._castConditions (C:\Users\Asus\OneDrive\Desktop\cineflix\backend\booking-service\node_modules\mongoose\lib\query.js:2409:10)
    at model.Query._findOne (C:\Users\Asus\OneDrive\Desktop\cineflix\backend\booking-service\node_modules\mongoose\lib\query.js:2756:8)
    at model.Query.exec (C:\Users\Asus\OneDrive\Desktop\cineflix\backend\booking-service\node_modules\mongoose\lib\query.js:4797:80)
    at process.processTicksAndRejections (node:internal/process/task_queues:105:5)
    at async getMovieById (file:///C:/Users/Asus/OneDrive/Desktop/cineflix/backend/booking-service/src/controllers/movieController.js:74:23)
2026-07-01 10:43:31 error: StrictPopulateError: Cannot populate path `Theatre` because it is not in your schema. Set the `strictPopulate` option to false to override.
    at getModelsMapForPopulate (C:\Users\Asus\OneDrive\Desktop\cineflix\backend\booking-service\node_modules\mongoose\lib\helpers\populate\getModelsMapForPopulate.js:55:12)
    at _populatePath (C:\Users\Asus\OneDrive\Desktop\cineflix\backend\booking-service\node_modules\mongoose\lib\model.js:4417:21)
    at Function.populate (C:\Users\Asus\OneDrive\Desktop\cineflix\backend\booking-service\node_modules\mongoose\lib\model.js:4384:21)
    at model.Query._find (C:\Users\Asus\OneDrive\Desktop\cineflix\backend\booking-service\node_modules\mongoose\lib\query.js:2509:20)
    at process.processTicksAndRejections (node:internal/process/task_queues:105:5)
    at async model.Query.exec (C:\Users\Asus\OneDrive\Desktop\cineflix\backend\booking-service\node_modules\mongoose\lib\query.js:4797:63)
    at async getShowByMovie (file:///C:/Users/Asus/OneDrive/Desktop/cineflix/backend/booking-service/src/controllers/showController.js:64:23)
2026-07-02 13:52:36 error: AggregateError [ECONNREFUSED]: 
    at internalConnectMultiple (node:net:1139:18)
    at afterConnectMultiple (node:net:1714:7)
2026-07-02 13:52:36 error: AggregateError [ECONNREFUSED]: 
    at internalConnectMultiple (node:net:1139:18)
    at afterConnectMultiple (node:net:1714:7)
2026-07-02 13:52:36 error: AggregateError [ECONNREFUSED]: 
    at internalConnectMultiple (node:net:1139:18)
    at afterConnectMultiple (node:net:1714:7)
2026-07-02 13:52:36 error: AggregateError [ECONNREFUSED]: 
    at internalConnectMultiple (node:net:1139:18)
    at afterConnectMultiple (node:net:1714:7)
2026-07-02 13:52:36 error: AggregateError [ECONNREFUSED]: 
    at internalConnectMultiple (node:net:1139:18)
    at afterConnectMultiple (node:net:1714:7)
2026-07-02 13:52:37 error: AggregateError [ECONNREFUSED]: 
    at internalConnectMultiple (node:net:1139:18)
    at afterConnectMultiple (node:net:1714:7)
2026-07-02 13:52:37 error: AggregateError [ECONNREFUSED]: 
    at internalConnectMultiple (node:net:1139:18)
    at afterConnectMultiple (node:net:1714:7)
2026-07-02 13:52:37 error: AggregateError [ECONNREFUSED]: 
    at internalConnectMultiple (node:net:1139:18)
    at afterConnectMultiple (node:net:1714:7)
2026-07-02 13:52:38 error: AggregateError [ECONNREFUSED]: 
    at internalConnectMultiple (node:net:1139:18)
    at afterConnectMultiple (node:net:1714:7)
2026-07-02 13:52:38 error: AggregateError [ECONNREFUSED]: 
    at internalConnectMultiple (node:net:1139:18)
    at afterConnectMultiple (node:net:1714:7)
2026-07-02 13:52:39 error: AggregateError [ECONNREFUSED]: 
    at internalConnectMultiple (node:net:1139:18)
    at afterConnectMultiple (node:net:1714:7)
2026-07-02 13:52:39 error: AggregateError [ECONNREFUSED]: 
    at internalConnectMultiple (node:net:1139:18)
    at afterConnectMultiple (node:net:1714:7)
2026-07-02 13:52:40 error: AggregateError [ECONNREFUSED]: 
    at internalConnectMultiple (node:net:1139:18)
    at afterConnectMultiple (node:net:1714:7)
2026-07-02 13:52:40 error: AggregateError [ECONNREFUSED]: 
    at internalConnectMultiple (node:net:1139:18)
    at afterConnectMultiple (node:net:1714:7)
2026-07-02 13:52:41 error: AggregateError [ECONNREFUSED]: 
    at internalConnectMultiple (node:net:1139:18)
    at afterConnectMultiple (node:net:1714:7)
2026-07-02 13:52:42 error: AggregateError [ECONNREFUSED]: 
    at internalConnectMultiple (node:net:1139:18)
    at afterConnectMultiple (node:net:1714:7)
2026-07-02 13:52:43 error: AggregateError [ECONNREFUSED]: 
    at internalConnectMultiple (node:net:1139:18)
    at afterConnectMultiple (node:net:1714:7)
2026-07-02 13:52:44 error: AggregateError [ECONNREFUSED]: 
    at internalConnectMultiple (node:net:1139:18)
    at afterConnectMultiple (node:net:1714:7)
2026-07-02 13:52:45 error: AggregateError [ECONNREFUSED]: 
    at internalConnectMultiple (node:net:1139:18)
    at afterConnectMultiple (node:net:1714:7)
2026-07-02 13:52:46 error: AggregateError [ECONNREFUSED]: 
    at internalConnectMultiple (node:net:1139:18)
    at afterConnectMultiple (node:net:1714:7)
2026-07-02 13:52:47 error: AggregateError [ECONNREFUSED]: 
    at internalConnectMultiple (node:net:1139:18)
    at afterConnectMultiple (node:net:1714:7)
2026-07-02 13:52:48 error: AggregateError [ECONNREFUSED]: 
    at internalConnectMultiple (node:net:1139:18)
    at afterConnectMultiple (node:net:1714:7)
2026-07-02 13:52:49 error: AggregateError [ECONNREFUSED]: 
    at internalConnectMultiple (node:net:1139:18)
    at afterConnectMultiple (node:net:1714:7)
2026-07-02 13:52:50 error: AggregateError [ECONNREFUSED]: 
    at internalConnectMultiple (node:net:1139:18)
    at afterConnectMultiple (node:net:1714:7)
2026-07-02 13:52:51 error: AggregateError [ECONNREFUSED]: 
    at internalConnectMultiple (node:net:1139:18)
    at afterConnectMultiple (node:net:1714:7)
2026-07-02 13:52:52 error: AggregateError [ECONNREFUSED]: 
    at internalConnectMultiple (node:net:1139:18)
    at afterConnectMultiple (node:net:1714:7)
2026-07-02 13:52:54 error: AggregateError [ECONNREFUSED]: 
    at internalConnectMultiple (node:net:1139:18)
    at afterConnectMultiple (node:net:1714:7)
2026-07-02 13:52:55 error: AggregateError [ECONNREFUSED]: 
    at internalConnectMultiple (node:net:1139:18)
    at afterConnectMultiple (node:net:1714:7)
2026-07-02 15:21:51 error: ObjectParameterError: Parameter "filter" to find() must be an object, got "6a462ac711537efa56d5600f" (type string)
    at Query.find (C:\Users\Asus\OneDrive\Desktop\cineflix\backend\booking-service\node_modules\mongoose\lib\query.js:2542:16)
    at Function.find (C:\Users\Asus\OneDrive\Desktop\cineflix\backend\booking-service\node_modules\mongoose\lib\model.js:2116:13)
    at getShowByShowId (file:///C:/Users/Asus/OneDrive/Desktop/cineflix/backend/booking-service/src/controllers/showController.js:95:35)
    at Layer.handleRequest (C:\Users\Asus\OneDrive\Desktop\cineflix\backend\booking-service\node_modules\router\lib\layer.js:152:17)
    at next (C:\Users\Asus\OneDrive\Desktop\cineflix\backend\booking-service\node_modules\router\lib\route.js:157:13)
    at Route.dispatch (C:\Users\Asus\OneDrive\Desktop\cineflix\backend\booking-service\node_modules\router\lib\route.js:117:3)
    at handle (C:\Users\Asus\OneDrive\Desktop\cineflix\backend\booking-service\node_modules\router\index.js:435:11)
    at Layer.handleRequest (C:\Users\Asus\OneDrive\Desktop\cineflix\backend\booking-service\node_modules\router\lib\layer.js:152:17)
    at C:\Users\Asus\OneDrive\Desktop\cineflix\backend\booking-service\node_modules\router\index.js:295:15
    at param (C:\Users\Asus\OneDrive\Desktop\cineflix\backend\booking-service\node_modules\router\index.js:600:14)
2026-07-02 15:25:21 error: CastError: Cast to ObjectId failed for value "{ id: '6a462ac711537efa56d5600f' }" (type Object) at path "_id" for model "Show"
    at SchemaObjectId.cast (C:\Users\Asus\OneDrive\Desktop\cineflix\backend\booking-service\node_modules\mongoose\lib\schema\objectId.js:252:11)
    at SchemaType.applySetters (C:\Users\Asus\OneDrive\Desktop\cineflix\backend\booking-service\node_modules\mongoose\lib\schemaType.js:1372:12)
    at SchemaType.castForQuery (C:\Users\Asus\OneDrive\Desktop\cineflix\backend\booking-service\node_modules\mongoose\lib\schemaType.js:1798:17)
    at cast (C:\Users\Asus\OneDrive\Desktop\cineflix\backend\booking-service\node_modules\mongoose\lib\cast.js:315:34)
    at Query.cast (C:\Users\Asus\OneDrive\Desktop\cineflix\backend\booking-service\node_modules\mongoose\lib\query.js:5212:12)
    at Query._castConditions (C:\Users\Asus\OneDrive\Desktop\cineflix\backend\booking-service\node_modules\mongoose\lib\query.js:2409:10)
    at model.Query._findOne (C:\Users\Asus\OneDrive\Desktop\cineflix\backend\booking-service\node_modules\mongoose\lib\query.js:2756:8)
    at model.Query.exec (C:\Users\Asus\OneDrive\Desktop\cineflix\backend\booking-service\node_modules\mongoose\lib\query.js:4797:80)
    at process.processTicksAndRejections (node:internal/process/task_queues:105:5)
    at async getShowByShowId (file:///C:/Users/Asus/OneDrive/Desktop/cineflix/backend/booking-service/src/controllers/showController.js:95:24)
2026-07-03 13:44:09 error: AggregateError [ECONNREFUSED]: 
    at internalConnectMultiple (node:net:1139:18)
    at afterConnectMultiple (node:net:1714:7)
2026-07-03 13:44:09 error: AggregateError [ECONNREFUSED]: 
    at internalConnectMultiple (node:net:1139:18)
    at afterConnectMultiple (node:net:1714:7)
2026-07-03 13:44:09 error: AggregateError [ECONNREFUSED]: 
    at internalConnectMultiple (node:net:1139:18)
    at afterConnectMultiple (node:net:1714:7)
2026-07-03 13:44:10 error: AggregateError [ECONNREFUSED]: 
    at internalConnectMultiple (node:net:1139:18)
    at afterConnectMultiple (node:net:1714:7)
2026-07-03 13:44:10 error: AggregateError [ECONNREFUSED]: 
    at internalConnectMultiple (node:net:1139:18)
    at afterConnectMultiple (node:net:1714:7)
2026-07-03 13:44:10 error: AggregateError [ECONNREFUSED]: 
    at internalConnectMultiple (node:net:1139:18)
    at afterConnectMultiple (node:net:1714:7)
2026-07-03 13:44:10 error: AggregateError [ECONNREFUSED]: 
    at internalConnectMultiple (node:net:1139:18)
    at afterConnectMultiple (node:net:1714:7)
2026-07-03 13:44:11 error: AggregateError [ECONNREFUSED]: 
    at internalConnectMultiple (node:net:1139:18)
    at afterConnectMultiple (node:net:1714:7)
2026-07-03 13:44:11 error: AggregateError [ECONNREFUSED]: 
    at internalConnectMultiple (node:net:1139:18)
    at afterConnectMultiple (node:net:1714:7)
2026-07-03 13:44:12 error: AggregateError [ECONNREFUSED]: 
    at internalConnectMultiple (node:net:1139:18)
    at afterConnectMultiple (node:net:1714:7)
2026-07-03 13:44:12 error: AggregateError [ECONNREFUSED]: 
    at internalConnectMultiple (node:net:1139:18)
    at afterConnectMultiple (node:net:1714:7)
2026-07-03 13:44:13 error: AggregateError [ECONNREFUSED]: 
    at internalConnectMultiple (node:net:1139:18)
    at afterConnectMultiple (node:net:1714:7)
2026-07-03 13:44:13 error: AggregateError [ECONNREFUSED]: 
    at internalConnectMultiple (node:net:1139:18)
    at afterConnectMultiple (node:net:1714:7)
2026-07-03 13:44:14 error: AggregateError [ECONNREFUSED]: 
    at internalConnectMultiple (node:net:1139:18)
    at afterConnectMultiple (node:net:1714:7)
2026-07-03 13:44:15 error: AggregateError [ECONNREFUSED]: 
    at internalConnectMultiple (node:net:1139:18)
    at afterConnectMultiple (node:net:1714:7)
2026-07-03 13:44:16 error: AggregateError [ECONNREFUSED]: 
    at internalConnectMultiple (node:net:1139:18)
    at afterConnectMultiple (node:net:1714:7)
2026-07-03 13:44:16 error: AggregateError [ECONNREFUSED]: 
    at internalConnectMultiple (node:net:1139:18)
    at afterConnectMultiple (node:net:1714:7)
2026-07-03 13:44:17 error: AggregateError [ECONNREFUSED]: 
    at internalConnectMultiple (node:net:1139:18)
    at afterConnectMultiple (node:net:1714:7)
2026-07-03 13:44:18 error: AggregateError [ECONNREFUSED]: 
    at internalConnectMultiple (node:net:1139:18)
    at afterConnectMultiple (node:net:1714:7)
2026-07-03 13:44:19 error: AggregateError [ECONNREFUSED]: 
    at internalConnectMultiple (node:net:1139:18)
    at afterConnectMultiple (node:net:1714:7)
2026-07-03 13:44:20 error: AggregateError [ECONNREFUSED]: 
    at internalConnectMultiple (node:net:1139:18)
    at afterConnectMultiple (node:net:1714:7)
2026-07-03 13:44:20 error: MaxRetriesPerRequestError: Reached the max retries per request limit (which is 20). Refer to "maxRetriesPerRequest" option for details.
    at Socket.<anonymous> (C:\Users\Asus\OneDrive\Desktop\cineflix\backend\booking-service\node_modules\ioredis\built\redis\event_handler.js:207:37)
    at Object.onceWrapper (node:events:633:26)
    at Socket.emit (node:events:518:28)
    at TCP.<anonymous> (node:net:351:12)
2026-07-03 13:44:21 error: AggregateError [ECONNREFUSED]: 
    at internalConnectMultiple (node:net:1139:18)
    at afterConnectMultiple (node:net:1714:7)
2026-07-03 13:44:22 error: AggregateError [ECONNREFUSED]: 
    at internalConnectMultiple (node:net:1139:18)
    at afterConnectMultiple (node:net:1714:7)
2026-07-03 13:44:23 error: AggregateError [ECONNREFUSED]: 
    at internalConnectMultiple (node:net:1139:18)
    at afterConnectMultiple (node:net:1714:7)
2026-07-03 13:44:25 error: AggregateError [ECONNREFUSED]: 
    at internalConnectMultiple (node:net:1139:18)
    at afterConnectMultiple (node:net:1714:7)
2026-07-03 13:44:26 error: AggregateError [ECONNREFUSED]: 
    at internalConnectMultiple (node:net:1139:18)
    at afterConnectMultiple (node:net:1714:7)
2026-07-03 13:44:27 error: AggregateError [ECONNREFUSED]: 
    at internalConnectMultiple (node:net:1139:18)
    at afterConnectMultiple (node:net:1714:7)
2026-07-03 13:44:29 error: AggregateError [ECONNREFUSED]: 
    at internalConnectMultiple (node:net:1139:18)
    at afterConnectMultiple (node:net:1714:7)
2026-07-03 13:44:30 error: AggregateError [ECONNREFUSED]: 
    at internalConnectMultiple (node:net:1139:18)
    at afterConnectMultiple (node:net:1714:7)
2026-07-03 13:44:31 error: AggregateError [ECONNREFUSED]: 
    at internalConnectMultiple (node:net:1139:18)
    at afterConnectMultiple (node:net:1714:7)
2026-07-03 13:44:33 error: AggregateError [ECONNREFUSED]: 
    at internalConnectMultiple (node:net:1139:18)
    at afterConnectMultiple (node:net:1714:7)
2026-07-03 13:44:35 error: AggregateError [ECONNREFUSED]: 
    at internalConnectMultiple (node:net:1139:18)
    at afterConnectMultiple (node:net:1714:7)
2026-07-03 13:44:36 error: AggregateError [ECONNREFUSED]: 
    at internalConnectMultiple (node:net:1139:18)
    at afterConnectMultiple (node:net:1714:7)
2026-07-03 13:44:38 error: AggregateError [ECONNREFUSED]: 
    at internalConnectMultiple (node:net:1139:18)
    at afterConnectMultiple (node:net:1714:7)
2026-07-03 13:44:40 error: AggregateError [ECONNREFUSED]: 
    at internalConnectMultiple (node:net:1139:18)
    at afterConnectMultiple (node:net:1714:7)
2026-07-03 13:44:41 error: AggregateError [ECONNREFUSED]: 
    at internalConnectMultiple (node:net:1139:18)
    at afterConnectMultiple (node:net:1714:7)
2026-07-08 11:45:27 error: ValidationError: Booking validation failed: movie: Path `movie` is required., show: Path `show` is required., totalPrice: Path `totalPrice` is required.
    at model.validate (C:\Users\Asus\OneDrive\Desktop\cineflix\backend\booking-service\node_modules\mongoose\lib\document.js:2864:36)
    at process.processTicksAndRejections (node:internal/process/task_queues:105:5)
    at async model.$__save (C:\Users\Asus\OneDrive\Desktop\cineflix\backend\booking-service\node_modules\mongoose\lib\model.js:393:7)
    at async model.save (C:\Users\Asus\OneDrive\Desktop\cineflix\backend\booking-service\node_modules\mongoose\lib\model.js:667:5)
    at async Function.create (C:\Users\Asus\OneDrive\Desktop\cineflix\backend\booking-service\node_modules\mongoose\lib\model.js:2747:5)
    at async createBooking (file:///C:/Users/Asus/OneDrive/Desktop/cineflix/backend/booking-service/src/controllers/bookingController.js:48:37)
2026-07-08 11:51:38 error: ReferenceError: Show is not defined
    at createBooking (file:///C:/Users/Asus/OneDrive/Desktop/cineflix/backend/booking-service/src/controllers/bookingController.js:26:22)
    at Layer.handleRequest (C:\Users\Asus\OneDrive\Desktop\cineflix\backend\booking-service\node_modules\router\lib\layer.js:152:17)
    at next (C:\Users\Asus\OneDrive\Desktop\cineflix\backend\booking-service\node_modules\router\lib\route.js:157:13)
    at authMiddleware (file:///C:/Users/Asus/OneDrive/Desktop/cineflix/backend/booking-service/src/middlewares/authMiddleware.js:20:9)
    at Layer.handleRequest (C:\Users\Asus\OneDrive\Desktop\cineflix\backend\booking-service\node_modules\router\lib\layer.js:152:17)
    at next (C:\Users\Asus\OneDrive\Desktop\cineflix\backend\booking-service\node_modules\router\lib\route.js:157:13)
    at Route.dispatch (C:\Users\Asus\OneDrive\Desktop\cineflix\backend\booking-service\node_modules\router\lib\route.js:117:3)
    at handle (C:\Users\Asus\OneDrive\Desktop\cineflix\backend\booking-service\node_modules\router\index.js:435:11)
    at Layer.handleRequest (C:\Users\Asus\OneDrive\Desktop\cineflix\backend\booking-service\node_modules\router\lib\layer.js:152:17)
    at C:\Users\Asus\OneDrive\Desktop\cineflix\backend\booking-service\node_modules\router\index.js:295:15
2026-07-11 10:58:56 error: AggregateError [ECONNREFUSED]: 
    at internalConnectMultiple (node:net:1139:18)
    at afterConnectMultiple (node:net:1714:7)
2026-07-11 10:58:56 error: AggregateError [ECONNREFUSED]: 
    at internalConnectMultiple (node:net:1139:18)
    at afterConnectMultiple (node:net:1714:7)
2026-07-11 10:58:56 error: AggregateError [ECONNREFUSED]: 
    at internalConnectMultiple (node:net:1139:18)
    at afterConnectMultiple (node:net:1714:7)
2026-07-11 10:58:56 error: AggregateError [ECONNREFUSED]: 
    at internalConnectMultiple (node:net:1139:18)
    at afterConnectMultiple (node:net:1714:7)
2026-07-11 10:58:56 error: AggregateError [ECONNREFUSED]: 
    at internalConnectMultiple (node:net:1139:18)
    at afterConnectMultiple (node:net:1714:7)
2026-07-11 10:58:56 error: AggregateError [ECONNREFUSED]: 
    at internalConnectMultiple (node:net:1139:18)
    at afterConnectMultiple (node:net:1714:7)
2026-07-11 10:58:57 error: AggregateError [ECONNREFUSED]: 
    at internalConnectMultiple (node:net:1139:18)
    at afterConnectMultiple (node:net:1714:7)
2026-07-11 10:58:57 error: AggregateError [ECONNREFUSED]: 
    at internalConnectMultiple (node:net:1139:18)
    at afterConnectMultiple (node:net:1714:7)
2026-07-11 10:58:57 error: AggregateError [ECONNREFUSED]: 
    at internalConnectMultiple (node:net:1139:18)
    at afterConnectMultiple (node:net:1714:7)
2026-07-11 10:58:58 error: AggregateError [ECONNREFUSED]: 
    at internalConnectMultiple (node:net:1139:18)
    at afterConnectMultiple (node:net:1714:7)
2026-07-11 10:58:58 error: AggregateError [ECONNREFUSED]: 
    at internalConnectMultiple (node:net:1139:18)
    at afterConnectMultiple (node:net:1714:7)
2026-07-11 10:58:59 error: AggregateError [ECONNREFUSED]: 
    at internalConnectMultiple (node:net:1139:18)
    at afterConnectMultiple (node:net:1714:7)
2026-07-11 10:59:00 error: AggregateError [ECONNREFUSED]: 
    at internalConnectMultiple (node:net:1139:18)
    at afterConnectMultiple (node:net:1714:7)
2026-07-11 10:59:00 error: AggregateError [ECONNREFUSED]: 
    at internalConnectMultiple (node:net:1139:18)
    at afterConnectMultiple (node:net:1714:7)
2026-07-11 10:59:01 error: AggregateError [ECONNREFUSED]: 
    at internalConnectMultiple (node:net:1139:18)
    at afterConnectMultiple (node:net:1714:7)
2026-07-11 10:59:02 error: AggregateError [ECONNREFUSED]: 
    at internalConnectMultiple (node:net:1139:18)
    at afterConnectMultiple (node:net:1714:7)
2026-07-11 10:59:03 error: AggregateError [ECONNREFUSED]: 
    at internalConnectMultiple (node:net:1139:18)
    at afterConnectMultiple (node:net:1714:7)
2026-07-11 10:59:03 error: AggregateError [ECONNREFUSED]: 
    at internalConnectMultiple (node:net:1139:18)
    at afterConnectMultiple (node:net:1714:7)
2026-07-11 10:59:04 error: AggregateError [ECONNREFUSED]: 
    at internalConnectMultiple (node:net:1139:18)
    at afterConnectMultiple (node:net:1714:7)
2026-07-11 10:59:05 error: AggregateError [ECONNREFUSED]: 
    at internalConnectMultiple (node:net:1139:18)
    at afterConnectMultiple (node:net:1714:7)
2026-07-11 10:59:06 error: AggregateError [ECONNREFUSED]: 
    at internalConnectMultiple (node:net:1139:18)
    at afterConnectMultiple (node:net:1714:7)
2026-07-11 10:59:07 error: AggregateError [ECONNREFUSED]: 
    at internalConnectMultiple (node:net:1139:18)
    at afterConnectMultiple (node:net:1714:7)
2026-07-11 10:59:08 error: AggregateError [ECONNREFUSED]: 
    at internalConnectMultiple (node:net:1139:18)
    at afterConnectMultiple (node:net:1714:7)
2026-07-11 10:59:10 error: AggregateError [ECONNREFUSED]: 
    at internalConnectMultiple (node:net:1139:18)
    at afterConnectMultiple (node:net:1714:7)
2026-07-11 10:59:11 error: AggregateError [ECONNREFUSED]: 
    at internalConnectMultiple (node:net:1139:18)
    at afterConnectMultiple (node:net:1714:7)
2026-07-11 10:59:12 error: AggregateError [ECONNREFUSED]: 
    at internalConnectMultiple (node:net:1139:18)
    at afterConnectMultiple (node:net:1714:7)
2026-07-11 10:59:13 error: AggregateError [ECONNREFUSED]: 
    at internalConnectMultiple (node:net:1139:18)
    at afterConnectMultiple (node:net:1714:7)
2026-07-11 10:59:15 error: AggregateError [ECONNREFUSED]: 
    at internalConnectMultiple (node:net:1139:18)
    at afterConnectMultiple (node:net:1714:7)
2026-07-11 10:59:16 error: AggregateError [ECONNREFUSED]: 
    at internalConnectMultiple (node:net:1139:18)
    at afterConnectMultiple (node:net:1714:7)
2026-07-11 10:59:18 error: AggregateError [ECONNREFUSED]: 
    at internalConnectMultiple (node:net:1139:18)
    at afterConnectMultiple (node:net:1714:7)
2026-07-11 10:59:19 error: AggregateError [ECONNREFUSED]: 
    at internalConnectMultiple (node:net:1139:18)
    at afterConnectMultiple (node:net:1714:7)
2026-07-11 10:59:21 error: AggregateError [ECONNREFUSED]: 
    at internalConnectMultiple (node:net:1139:18)
    at afterConnectMultiple (node:net:1714:7)
2026-07-11 10:59:22 error: AggregateError [ECONNREFUSED]: 
    at internalConnectMultiple (node:net:1139:18)
    at afterConnectMultiple (node:net:1714:7)
2026-07-11 10:59:24 error: AggregateError [ECONNREFUSED]: 
    at internalConnectMultiple (node:net:1139:18)
    at afterConnectMultiple (node:net:1714:7)
2026-07-11 10:59:26 error: AggregateError [ECONNREFUSED]: 
    at internalConnectMultiple (node:net:1139:18)
    at afterConnectMultiple (node:net:1714:7)
2026-07-11 10:59:27 error: AggregateError [ECONNREFUSED]: 
    at internalConnectMultiple (node:net:1139:18)
    at afterConnectMultiple (node:net:1714:7)
2026-07-11 10:59:29 error: AggregateError [ECONNREFUSED]: 
    at internalConnectMultiple (node:net:1139:18)
    at afterConnectMultiple (node:net:1714:7)
2026-07-11 10:59:31 error: AggregateError [ECONNREFUSED]: 
    at internalConnectMultiple (node:net:1139:18)
    at afterConnectMultiple (node:net:1714:7)
2026-07-11 13:14:20 error: MissingSchemaError: Schema hasn't been registered for model "Movie".
Use mongoose.model(name, schema)
    at NativeConnection.model (C:\Users\Asus\OneDrive\Desktop\cineflix\backend\booking-service\node_modules\mongoose\lib\connection.js:1514:13)
    at _getModelFromConn (C:\Users\Asus\OneDrive\Desktop\cineflix\backend\booking-service\node_modules\mongoose\lib\helpers\populate\getModelsMapForPopulate.js:708:15)
    at addModelNamesToMap (C:\Users\Asus\OneDrive\Desktop\cineflix\backend\booking-service\node_modules\mongoose\lib\helpers\populate\getModelsMapForPopulate.js:636:17)
    at getModelsMapForPopulate (C:\Users\Asus\OneDrive\Desktop\cineflix\backend\booking-service\node_modules\mongoose\lib\helpers\populate\getModelsMapForPopulate.js:218:7)
    at _populatePath (C:\Users\Asus\OneDrive\Desktop\cineflix\backend\booking-service\node_modules\mongoose\lib\model.js:4417:21)
    at Function.populate (C:\Users\Asus\OneDrive\Desktop\cineflix\backend\booking-service\node_modules\mongoose\lib\model.js:4384:21)
    at model.Query._find (C:\Users\Asus\OneDrive\Desktop\cineflix\backend\booking-service\node_modules\mongoose\lib\query.js:2505:23)
    at process.processTicksAndRejections (node:internal/process/task_queues:105:5)
    at async model.Query.exec (C:\Users\Asus\OneDrive\Desktop\cineflix\backend\booking-service\node_modules\mongoose\lib\query.js:4797:63)
    at async getBookingByUserId (file:///C:/Users/Asus/OneDrive/Desktop/cineflix/backend/booking-service/src/controllers/bookingController.js:152:26)
2026-07-11 13:14:20 error: MissingSchemaError: Schema hasn't been registered for model "Movie".
Use mongoose.model(name, schema)
    at NativeConnection.model (C:\Users\Asus\OneDrive\Desktop\cineflix\backend\booking-service\node_modules\mongoose\lib\connection.js:1514:13)
    at _getModelFromConn (C:\Users\Asus\OneDrive\Desktop\cineflix\backend\booking-service\node_modules\mongoose\lib\helpers\populate\getModelsMapForPopulate.js:708:15)
    at addModelNamesToMap (C:\Users\Asus\OneDrive\Desktop\cineflix\backend\booking-service\node_modules\mongoose\lib\helpers\populate\getModelsMapForPopulate.js:636:17)
    at getModelsMapForPopulate (C:\Users\Asus\OneDrive\Desktop\cineflix\backend\booking-service\node_modules\mongoose\lib\helpers\populate\getModelsMapForPopulate.js:218:7)
    at _populatePath (C:\Users\Asus\OneDrive\Desktop\cineflix\backend\booking-service\node_modules\mongoose\lib\model.js:4417:21)
    at Function.populate (C:\Users\Asus\OneDrive\Desktop\cineflix\backend\booking-service\node_modules\mongoose\lib\model.js:4384:21)
    at model.Query._find (C:\Users\Asus\OneDrive\Desktop\cineflix\backend\booking-service\node_modules\mongoose\lib\query.js:2505:23)
    at process.processTicksAndRejections (node:internal/process/task_queues:105:5)
    at async model.Query.exec (C:\Users\Asus\OneDrive\Desktop\cineflix\backend\booking-service\node_modules\mongoose\lib\query.js:4797:63)
    at async getBookingByUserId (file:///C:/Users/Asus/OneDrive/Desktop/cineflix/backend/booking-service/src/controllers/bookingController.js:152:26)
2026-07-11 13:16:40 error: StrictPopulateError: Cannot populate path `Movie` because it is not in your schema. Set the `strictPopulate` option to false to override.
    at getModelsMapForPopulate (C:\Users\Asus\OneDrive\Desktop\cineflix\backend\booking-service\node_modules\mongoose\lib\helpers\populate\getModelsMapForPopulate.js:55:12)
    at _populatePath (C:\Users\Asus\OneDrive\Desktop\cineflix\backend\booking-service\node_modules\mongoose\lib\model.js:4417:21)
    at Function.populate (C:\Users\Asus\OneDrive\Desktop\cineflix\backend\booking-service\node_modules\mongoose\lib\model.js:4384:21)
    at model.Query._find (C:\Users\Asus\OneDrive\Desktop\cineflix\backend\booking-service\node_modules\mongoose\lib\query.js:2505:23)
    at process.processTicksAndRejections (node:internal/process/task_queues:105:5)
    at async model.Query.exec (C:\Users\Asus\OneDrive\Desktop\cineflix\backend\booking-service\node_modules\mongoose\lib\query.js:4797:63)
    at async getBookingByUserId (file:///C:/Users/Asus/OneDrive/Desktop/cineflix/backend/booking-service/src/controllers/bookingController.js:152:26)
2026-07-11 13:16:40 error: StrictPopulateError: Cannot populate path `Movie` because it is not in your schema. Set the `strictPopulate` option to false to override.
    at getModelsMapForPopulate (C:\Users\Asus\OneDrive\Desktop\cineflix\backend\booking-service\node_modules\mongoose\lib\helpers\populate\getModelsMapForPopulate.js:55:12)
    at _populatePath (C:\Users\Asus\OneDrive\Desktop\cineflix\backend\booking-service\node_modules\mongoose\lib\model.js:4417:21)
    at Function.populate (C:\Users\Asus\OneDrive\Desktop\cineflix\backend\booking-service\node_modules\mongoose\lib\model.js:4384:21)
    at model.Query._find (C:\Users\Asus\OneDrive\Desktop\cineflix\backend\booking-service\node_modules\mongoose\lib\query.js:2505:23)
    at process.processTicksAndRejections (node:internal/process/task_queues:105:5)
    at async model.Query.exec (C:\Users\Asus\OneDrive\Desktop\cineflix\backend\booking-service\node_modules\mongoose\lib\query.js:4797:63)
    at async getBookingByUserId (file:///C:/Users/Asus/OneDrive/Desktop/cineflix/backend/booking-service/src/controllers/bookingController.js:152:26)
2026-07-11 13:17:52 error: StrictPopulateError: Cannot populate path `Movies` because it is not in your schema. Set the `strictPopulate` option to false to override.
    at getModelsMapForPopulate (C:\Users\Asus\OneDrive\Desktop\cineflix\backend\booking-service\node_modules\mongoose\lib\helpers\populate\getModelsMapForPopulate.js:55:12)
    at _populatePath (C:\Users\Asus\OneDrive\Desktop\cineflix\backend\booking-service\node_modules\mongoose\lib\model.js:4417:21)
    at Function.populate (C:\Users\Asus\OneDrive\Desktop\cineflix\backend\booking-service\node_modules\mongoose\lib\model.js:4384:21)
    at model.Query._find (C:\Users\Asus\OneDrive\Desktop\cineflix\backend\booking-service\node_modules\mongoose\lib\query.js:2505:23)
    at process.processTicksAndRejections (node:internal/process/task_queues:105:5)
    at async model.Query.exec (C:\Users\Asus\OneDrive\Desktop\cineflix\backend\booking-service\node_modules\mongoose\lib\query.js:4797:63)
    at async getBookingByUserId (file:///C:/Users/Asus/OneDrive/Desktop/cineflix/backend/booking-service/src/controllers/bookingController.js:152:26)
2026-07-11 13:17:53 error: StrictPopulateError: Cannot populate path `Movies` because it is not in your schema. Set the `strictPopulate` option to false to override.
    at getModelsMapForPopulate (C:\Users\Asus\OneDrive\Desktop\cineflix\backend\booking-service\node_modules\mongoose\lib\helpers\populate\getModelsMapForPopulate.js:55:12)
    at _populatePath (C:\Users\Asus\OneDrive\Desktop\cineflix\backend\booking-service\node_modules\mongoose\lib\model.js:4417:21)
    at Function.populate (C:\Users\Asus\OneDrive\Desktop\cineflix\backend\booking-service\node_modules\mongoose\lib\model.js:4384:21)
    at model.Query._find (C:\Users\Asus\OneDrive\Desktop\cineflix\backend\booking-service\node_modules\mongoose\lib\query.js:2505:23)
    at process.processTicksAndRejections (node:internal/process/task_queues:105:5)
    at async model.Query.exec (C:\Users\Asus\OneDrive\Desktop\cineflix\backend\booking-service\node_modules\mongoose\lib\query.js:4797:63)
    at async getBookingByUserId (file:///C:/Users/Asus/OneDrive/Desktop/cineflix/backend/booking-service/src/controllers/bookingController.js:152:26)
2026-07-11 13:19:02 error: StrictPopulateError: Cannot populate path `Movies` because it is not in your schema. Set the `strictPopulate` option to false to override.
    at getModelsMapForPopulate (C:\Users\Asus\OneDrive\Desktop\cineflix\backend\booking-service\node_modules\mongoose\lib\helpers\populate\getModelsMapForPopulate.js:55:12)
    at _populatePath (C:\Users\Asus\OneDrive\Desktop\cineflix\backend\booking-service\node_modules\mongoose\lib\model.js:4417:21)
    at Function.populate (C:\Users\Asus\OneDrive\Desktop\cineflix\backend\booking-service\node_modules\mongoose\lib\model.js:4384:21)
    at model.Query._find (C:\Users\Asus\OneDrive\Desktop\cineflix\backend\booking-service\node_modules\mongoose\lib\query.js:2505:23)
    at process.processTicksAndRejections (node:internal/process/task_queues:105:5)
    at async model.Query.exec (C:\Users\Asus\OneDrive\Desktop\cineflix\backend\booking-service\node_modules\mongoose\lib\query.js:4797:63)
    at async getBookingByUserId (file:///C:/Users/Asus/OneDrive/Desktop/cineflix/backend/booking-service/src/controllers/bookingController.js:152:26)
2026-07-11 13:19:02 error: StrictPopulateError: Cannot populate path `Movies` because it is not in your schema. Set the `strictPopulate` option to false to override.
    at getModelsMapForPopulate (C:\Users\Asus\OneDrive\Desktop\cineflix\backend\booking-service\node_modules\mongoose\lib\helpers\populate\getModelsMapForPopulate.js:55:12)
    at _populatePath (C:\Users\Asus\OneDrive\Desktop\cineflix\backend\booking-service\node_modules\mongoose\lib\model.js:4417:21)
    at Function.populate (C:\Users\Asus\OneDrive\Desktop\cineflix\backend\booking-service\node_modules\mongoose\lib\model.js:4384:21)
    at model.Query._find (C:\Users\Asus\OneDrive\Desktop\cineflix\backend\booking-service\node_modules\mongoose\lib\query.js:2505:23)
    at process.processTicksAndRejections (node:internal/process/task_queues:105:5)
    at async model.Query.exec (C:\Users\Asus\OneDrive\Desktop\cineflix\backend\booking-service\node_modules\mongoose\lib\query.js:4797:63)
    at async getBookingByUserId (file:///C:/Users/Asus/OneDrive/Desktop/cineflix/backend/booking-service/src/controllers/bookingController.js:152:26)
2026-07-11 13:19:16 error: StrictPopulateError: Cannot populate path `Movies` because it is not in your schema. Set the `strictPopulate` option to false to override.
    at getModelsMapForPopulate (C:\Users\Asus\OneDrive\Desktop\cineflix\backend\booking-service\node_modules\mongoose\lib\helpers\populate\getModelsMapForPopulate.js:55:12)
    at _populatePath (C:\Users\Asus\OneDrive\Desktop\cineflix\backend\booking-service\node_modules\mongoose\lib\model.js:4417:21)
    at Function.populate (C:\Users\Asus\OneDrive\Desktop\cineflix\backend\booking-service\node_modules\mongoose\lib\model.js:4384:21)
    at model.Query._find (C:\Users\Asus\OneDrive\Desktop\cineflix\backend\booking-service\node_modules\mongoose\lib\query.js:2505:23)
    at process.processTicksAndRejections (node:internal/process/task_queues:105:5)
    at async model.Query.exec (C:\Users\Asus\OneDrive\Desktop\cineflix\backend\booking-service\node_modules\mongoose\lib\query.js:4797:63)
    at async getBookingByUserId (file:///C:/Users/Asus/OneDrive/Desktop/cineflix/backend/booking-service/src/controllers/bookingController.js:152:26)
2026-07-11 13:19:16 error: StrictPopulateError: Cannot populate path `Movies` because it is not in your schema. Set the `strictPopulate` option to false to override.
    at getModelsMapForPopulate (C:\Users\Asus\OneDrive\Desktop\cineflix\backend\booking-service\node_modules\mongoose\lib\helpers\populate\getModelsMapForPopulate.js:55:12)
    at _populatePath (C:\Users\Asus\OneDrive\Desktop\cineflix\backend\booking-service\node_modules\mongoose\lib\model.js:4417:21)
    at Function.populate (C:\Users\Asus\OneDrive\Desktop\cineflix\backend\booking-service\node_modules\mongoose\lib\model.js:4384:21)
    at model.Query._find (C:\Users\Asus\OneDrive\Desktop\cineflix\backend\booking-service\node_modules\mongoose\lib\query.js:2505:23)
    at process.processTicksAndRejections (node:internal/process/task_queues:105:5)
    at async model.Query.exec (C:\Users\Asus\OneDrive\Desktop\cineflix\backend\booking-service\node_modules\mongoose\lib\query.js:4797:63)
    at async getBookingByUserId (file:///C:/Users/Asus/OneDrive/Desktop/cineflix/backend/booking-service/src/controllers/bookingController.js:152:26)
2026-07-11 13:27:15 error: MongoServerSelectionError: getaddrinfo ENOTFOUND ac-sk1pioz-shard-00-01.giocrh7.mongodb.net
    at Topology.selectServer (C:\Users\Asus\OneDrive\Desktop\cineflix\backend\booking-service\node_modules\mongodb\lib\sdam\topology.js:348:38)
    at async executeOperationWithRetries (C:\Users\Asus\OneDrive\Desktop\cineflix\backend\booking-service\node_modules\mongodb\lib\operations\execute_operation.js:260:22)
    at async executeOperation (C:\Users\Asus\OneDrive\Desktop\cineflix\backend\booking-service\node_modules\mongodb\lib\operations\execute_operation.js:83:16)
    at async FindCursor._initialize (C:\Users\Asus\OneDrive\Desktop\cineflix\backend\booking-service\node_modules\mongodb\lib\cursor\find_cursor.js:62:26)
    at async FindCursor.cursorInit (C:\Users\Asus\OneDrive\Desktop\cineflix\backend\booking-service\node_modules\mongodb\lib\cursor\abstract_cursor.js:620:27)
    at async FindCursor.fetchBatch (C:\Users\Asus\OneDrive\Desktop\cineflix\backend\booking-service\node_modules\mongodb\lib\cursor\abstract_cursor.js:654:13)
    at async FindCursor.next (C:\Users\Asus\OneDrive\Desktop\cineflix\backend\booking-service\node_modules\mongodb\lib\cursor\abstract_cursor.js:326:17)
    at async [Symbol.asyncIterator] (C:\Users\Asus\OneDrive\Desktop\cineflix\backend\booking-service\node_modules\mongodb\lib\cursor\abstract_cursor.js:254:34)
    at async FindCursor.toArray (C:\Users\Asus\OneDrive\Desktop\cineflix\backend\booking-service\node_modules\mongodb\lib\cursor\abstract_cursor.js:406:26)
    at async model.Query._find (C:\Users\Asus\OneDrive\Desktop\cineflix\backend\booking-service\node_modules\mongoose\lib\query.js:2473:14)
2026-07-12 12:50:42 error: MongoServerSelectionError: getaddrinfo ENOTFOUND ac-sk1pioz-shard-00-02.giocrh7.mongodb.net
    at Topology.selectServer (C:\Users\Asus\OneDrive\Desktop\cineflix\backend\booking-service\node_modules\mongodb\lib\sdam\topology.js:348:38)
    at async executeOperationWithRetries (C:\Users\Asus\OneDrive\Desktop\cineflix\backend\booking-service\node_modules\mongodb\lib\operations\execute_operation.js:157:18)
    at async executeOperation (C:\Users\Asus\OneDrive\Desktop\cineflix\backend\booking-service\node_modules\mongodb\lib\operations\execute_operation.js:83:16)
    at async FindCursor._initialize (C:\Users\Asus\OneDrive\Desktop\cineflix\backend\booking-service\node_modules\mongodb\lib\cursor\find_cursor.js:62:26)
    at async FindCursor.cursorInit (C:\Users\Asus\OneDrive\Desktop\cineflix\backend\booking-service\node_modules\mongodb\lib\cursor\abstract_cursor.js:620:27)
    at async FindCursor.fetchBatch (C:\Users\Asus\OneDrive\Desktop\cineflix\backend\booking-service\node_modules\mongodb\lib\cursor\abstract_cursor.js:654:13)
    at async FindCursor.next (C:\Users\Asus\OneDrive\Desktop\cineflix\backend\booking-service\node_modules\mongodb\lib\cursor\abstract_cursor.js:326:17)
    at async [Symbol.asyncIterator] (C:\Users\Asus\OneDrive\Desktop\cineflix\backend\booking-service\node_modules\mongodb\lib\cursor\abstract_cursor.js:254:34)
    at async FindCursor.toArray (C:\Users\Asus\OneDrive\Desktop\cineflix\backend\booking-service\node_modules\mongodb\lib\cursor\abstract_cursor.js:406:26)
    at async model.Query._find (C:\Users\Asus\OneDrive\Desktop\cineflix\backend\booking-service\node_modules\mongoose\lib\query.js:2473:14)
2026-07-13 13:02:55 error: Error: read ECONNRESET
    at TCP.onStreamRead (node:internal/stream_base_commons:216:20)
2026-07-13 13:02:55 error: AggregateError [ECONNREFUSED]: 
    at internalConnectMultiple (node:net:1139:18)
    at afterConnectMultiple (node:net:1714:7)
2026-07-13 13:02:55 error: AggregateError [ECONNREFUSED]: 
    at internalConnectMultiple (node:net:1139:18)
    at afterConnectMultiple (node:net:1714:7)
2026-07-13 13:02:56 error: AggregateError [ECONNREFUSED]: 
    at internalConnectMultiple (node:net:1139:18)
    at afterConnectMultiple (node:net:1714:7)
2026-07-13 13:02:56 error: AggregateError [ECONNREFUSED]: 
    at internalConnectMultiple (node:net:1139:18)
    at afterConnectMultiple (node:net:1714:7)
2026-07-13 13:02:56 error: AggregateError [ECONNREFUSED]: 
    at internalConnectMultiple (node:net:1139:18)
    at afterConnectMultiple (node:net:1714:7)
2026-07-13 13:02:57 error: AggregateError [ECONNREFUSED]: 
    at internalConnectMultiple (node:net:1139:18)
    at afterConnectMultiple (node:net:1714:7)
2026-07-13 13:02:58 error: AggregateError [ECONNREFUSED]: 
    at internalConnectMultiple (node:net:1139:18)
    at afterConnectMultiple (node:net:1714:7)
2026-07-13 13:02:59 error: AggregateError [ECONNREFUSED]: 
    at internalConnectMultiple (node:net:1139:18)
    at afterConnectMultiple (node:net:1714:7)
2026-07-13 13:02:59 error: AggregateError [ECONNREFUSED]: 
    at internalConnectMultiple (node:net:1139:18)
    at afterConnectMultiple (node:net:1714:7)
2026-07-13 13:03:00 error: AggregateError [ECONNREFUSED]: 
    at internalConnectMultiple (node:net:1139:18)
    at afterConnectMultiple (node:net:1714:7)
2026-07-13 13:03:01 error: AggregateError [ECONNREFUSED]: 
    at internalConnectMultiple (node:net:1139:18)
    at afterConnectMultiple (node:net:1714:7)
2026-07-13 13:03:01 error: AggregateError [ECONNREFUSED]: 
    at internalConnectMultiple (node:net:1139:18)
    at afterConnectMultiple (node:net:1714:7)
2026-07-13 13:03:02 error: AggregateError [ECONNREFUSED]: 
    at internalConnectMultiple (node:net:1139:18)
    at afterConnectMultiple (node:net:1714:7)
2026-07-13 13:03:03 error: AggregateError [ECONNREFUSED]: 
    at internalConnectMultiple (node:net:1139:18)
    at afterConnectMultiple (node:net:1714:7)
2026-07-13 13:03:04 error: AggregateError [ECONNREFUSED]: 
    at internalConnectMultiple (node:net:1139:18)
    at afterConnectMultiple (node:net:1714:7)
2026-07-13 13:03:05 error: AggregateError [ECONNREFUSED]: 
    at internalConnectMultiple (node:net:1139:18)
    at afterConnectMultiple (node:net:1714:7)
2026-07-13 13:03:06 error: AggregateError [ECONNREFUSED]: 
    at internalConnectMultiple (node:net:1139:18)
    at afterConnectMultiple (node:net:1714:7)
2026-07-13 13:03:07 error: AggregateError [ECONNREFUSED]: 
    at internalConnectMultiple (node:net:1139:18)
    at afterConnectMultiple (node:net:1714:7)
2026-07-13 13:03:08 error: AggregateError [ECONNREFUSED]: 
    at internalConnectMultiple (node:net:1139:18)
    at afterConnectMultiple (node:net:1714:7)
2026-07-13 13:03:09 error: AggregateError [ECONNREFUSED]: 
    at internalConnectMultiple (node:net:1139:18)
    at afterConnectMultiple (node:net:1714:7)
2026-07-13 13:03:10 error: AggregateError [ECONNREFUSED]: 
    at internalConnectMultiple (node:net:1139:18)
    at afterConnectMultiple (node:net:1714:7)
2026-07-13 13:03:12 error: AggregateError [ECONNREFUSED]: 
    at internalConnectMultiple (node:net:1139:18)
    at afterConnectMultiple (node:net:1714:7)
2026-07-13 13:03:13 error: AggregateError [ECONNREFUSED]: 
    at internalConnectMultiple (node:net:1139:18)
    at afterConnectMultiple (node:net:1714:7)
2026-07-13 13:03:14 error: AggregateError [ECONNREFUSED]: 
    at internalConnectMultiple (node:net:1139:18)
    at afterConnectMultiple (node:net:1714:7)
2026-07-13 13:03:16 error: AggregateError [ECONNREFUSED]: 
    at internalConnectMultiple (node:net:1139:18)
    at afterConnectMultiple (node:net:1714:7)
2026-07-13 13:03:17 error: AggregateError [ECONNREFUSED]: 
    at internalConnectMultiple (node:net:1139:18)
    at afterConnectMultiple (node:net:1714:7)
2026-07-13 13:03:19 error: AggregateError [ECONNREFUSED]: 
    at internalConnectMultiple (node:net:1139:18)
    at afterConnectMultiple (node:net:1714:7)
2026-07-13 13:03:21 error: AggregateError [ECONNREFUSED]: 
    at internalConnectMultiple (node:net:1139:18)
    at afterConnectMultiple (node:net:1714:7)
2026-07-13 13:03:22 error: AggregateError [ECONNREFUSED]: 
    at internalConnectMultiple (node:net:1139:18)
    at afterConnectMultiple (node:net:1714:7)
2026-07-13 13:03:24 error: AggregateError [ECONNREFUSED]: 
    at internalConnectMultiple (node:net:1139:18)
    at afterConnectMultiple (node:net:1714:7)
2026-07-13 13:03:26 error: AggregateError [ECONNREFUSED]: 
    at internalConnectMultiple (node:net:1139:18)
    at afterConnectMultiple (node:net:1714:7)
2026-07-13 13:03:28 error: AggregateError [ECONNREFUSED]: 
    at internalConnectMultiple (node:net:1139:18)
    at afterConnectMultiple (node:net:1714:7)
2026-07-13 13:03:29 error: AggregateError [ECONNREFUSED]: 
    at internalConnectMultiple (node:net:1139:18)
    at afterConnectMultiple (node:net:1714:7)
2026-07-13 13:03:31 error: AggregateError [ECONNREFUSED]: 
    at internalConnectMultiple (node:net:1139:18)
    at afterConnectMultiple (node:net:1714:7)
2026-07-13 13:03:33 error: AggregateError [ECONNREFUSED]: 
    at internalConnectMultiple (node:net:1139:18)
    at afterConnectMultiple (node:net:1714:7)
2026-07-13 13:03:35 error: AggregateError [ECONNREFUSED]: 
    at internalConnectMultiple (node:net:1139:18)
    at afterConnectMultiple (node:net:1714:7)
2026-07-13 13:03:37 error: AggregateError [ECONNREFUSED]: 
    at internalConnectMultiple (node:net:1139:18)
    at afterConnectMultiple (node:net:1714:7)
2026-07-13 13:03:39 error: AggregateError [ECONNREFUSED]: 
    at internalConnectMultiple (node:net:1139:18)
    at afterConnectMultiple (node:net:1714:7)
2026-07-13 13:03:41 error: AggregateError [ECONNREFUSED]: 
    at internalConnectMultiple (node:net:1139:18)
    at afterConnectMultiple (node:net:1714:7)
2026-07-13 13:03:44 error: AggregateError [ECONNREFUSED]: 
    at internalConnectMultiple (node:net:1139:18)
    at afterConnectMultiple (node:net:1714:7)
2026-07-13 13:03:46 error: AggregateError [ECONNREFUSED]: 
    at internalConnectMultiple (node:net:1139:18)
    at afterConnectMultiple (node:net:1714:7)
2026-07-13 13:03:48 error: AggregateError [ECONNREFUSED]: 
    at internalConnectMultiple (node:net:1139:18)
    at afterConnectMultiple (node:net:1714:7)
2026-07-13 13:03:50 error: AggregateError [ECONNREFUSED]: 
    at internalConnectMultiple (node:net:1139:18)
    at afterConnectMultiple (node:net:1714:7)
2026-07-13 13:03:52 error: AggregateError [ECONNREFUSED]: 
    at internalConnectMultiple (node:net:1139:18)
    at afterConnectMultiple (node:net:1714:7)
2026-07-13 13:03:54 error: AggregateError [ECONNREFUSED]: 
    at internalConnectMultiple (node:net:1139:18)
    at afterConnectMultiple (node:net:1714:7)
2026-07-13 13:03:56 error: AggregateError [ECONNREFUSED]: 
    at internalConnectMultiple (node:net:1139:18)
    at afterConnectMultiple (node:net:1714:7)
2026-07-13 13:03:58 error: AggregateError [ECONNREFUSED]: 
    at internalConnectMultiple (node:net:1139:18)
    at afterConnectMultiple (node:net:1714:7)
2026-07-13 13:04:00 error: AggregateError [ECONNREFUSED]: 
    at internalConnectMultiple (node:net:1139:18)
    at afterConnectMultiple (node:net:1714:7)
2026-07-13 13:04:02 error: AggregateError [ECONNREFUSED]: 
    at internalConnectMultiple (node:net:1139:18)
    at afterConnectMultiple (node:net:1714:7)
2026-07-13 13:04:04 error: AggregateError [ECONNREFUSED]: 
    at internalConnectMultiple (node:net:1139:18)
    at afterConnectMultiple (node:net:1714:7)
2026-07-13 13:04:06 error: AggregateError [ECONNREFUSED]: 
    at internalConnectMultiple (node:net:1139:18)
    at afterConnectMultiple (node:net:1714:7)
2026-07-13 13:04:08 error: AggregateError [ECONNREFUSED]: 
    at internalConnectMultiple (node:net:1139:18)
    at afterConnectMultiple (node:net:1714:7)
2026-07-13 13:04:10 error: AggregateError [ECONNREFUSED]: 
    at internalConnectMultiple (node:net:1139:18)
    at afterConnectMultiple (node:net:1714:7)
2026-07-13 13:04:12 error: AggregateError [ECONNREFUSED]: 
    at internalConnectMultiple (node:net:1139:18)
    at afterConnectMultiple (node:net:1714:7)
2026-07-13 13:04:14 error: AggregateError [ECONNREFUSED]: 
    at internalConnectMultiple (node:net:1139:18)
    at afterConnectMultiple (node:net:1714:7)
2026-07-13 13:04:16 error: AggregateError [ECONNREFUSED]: 
    at internalConnectMultiple (node:net:1139:18)
    at afterConnectMultiple (node:net:1714:7)
2026-07-13 13:04:18 error: AggregateError [ECONNREFUSED]: 
    at internalConnectMultiple (node:net:1139:18)
    at afterConnectMultiple (node:net:1714:7)
2026-07-13 13:04:20 error: AggregateError [ECONNREFUSED]: 
    at internalConnectMultiple (node:net:1139:18)
    at afterConnectMultiple (node:net:1714:7)
2026-07-13 13:04:22 error: AggregateError [ECONNREFUSED]: 
    at internalConnectMultiple (node:net:1139:18)
    at afterConnectMultiple (node:net:1714:7)
2026-07-13 13:04:24 error: AggregateError [ECONNREFUSED]: 
    at internalConnectMultiple (node:net:1139:18)
    at afterConnectMultiple (node:net:1714:7)
2026-07-13 13:04:26 error: AggregateError [ECONNREFUSED]: 
    at internalConnectMultiple (node:net:1139:18)
    at afterConnectMultiple (node:net:1714:7)
2026-07-13 13:04:28 error: AggregateError [ECONNREFUSED]: 
    at internalConnectMultiple (node:net:1139:18)
    at afterConnectMultiple (node:net:1714:7)
2026-07-13 13:04:30 error: AggregateError [ECONNREFUSED]: 
    at internalConnectMultiple (node:net:1139:18)
    at afterConnectMultiple (node:net:1714:7)
2026-07-13 13:04:32 error: AggregateError [ECONNREFUSED]: 
    at internalConnectMultiple (node:net:1139:18)
    at afterConnectMultiple (node:net:1714:7)
2026-07-13 13:04:34 error: AggregateError [ECONNREFUSED]: 
    at internalConnectMultiple (node:net:1139:18)
    at afterConnectMultiple (node:net:1714:7)
2026-07-13 13:04:36 error: AggregateError [ECONNREFUSED]: 
    at internalConnectMultiple (node:net:1139:18)
    at afterConnectMultiple (node:net:1714:7)
2026-07-13 13:04:38 error: AggregateError [ECONNREFUSED]: 
    at internalConnectMultiple (node:net:1139:18)
    at afterConnectMultiple (node:net:1714:7)
2026-07-13 13:04:40 error: AggregateError [ECONNREFUSED]: 
    at internalConnectMultiple (node:net:1139:18)
    at afterConnectMultiple (node:net:1714:7)
2026-07-13 13:04:42 error: AggregateError [ECONNREFUSED]: 
    at internalConnectMultiple (node:net:1139:18)
    at afterConnectMultiple (node:net:1714:7)
2026-07-13 13:04:44 error: AggregateError [ECONNREFUSED]: 
    at internalConnectMultiple (node:net:1139:18)
    at afterConnectMultiple (node:net:1714:7)
2026-07-13 13:04:46 error: AggregateError [ECONNREFUSED]: 
    at internalConnectMultiple (node:net:1139:18)
    at afterConnectMultiple (node:net:1714:7)
2026-07-13 13:04:48 error: AggregateError [ECONNREFUSED]: 
    at internalConnectMultiple (node:net:1139:18)
    at afterConnectMultiple (node:net:1714:7)
2026-07-13 13:04:50 error: AggregateError [ECONNREFUSED]: 
    at internalConnectMultiple (node:net:1139:18)
    at afterConnectMultiple (node:net:1714:7)
2026-07-13 13:04:52 error: AggregateError [ECONNREFUSED]: 
    at internalConnectMultiple (node:net:1139:18)
    at afterConnectMultiple (node:net:1714:7)
2026-07-13 13:04:54 error: AggregateError [ECONNREFUSED]: 
    at internalConnectMultiple (node:net:1139:18)
    at afterConnectMultiple (node:net:1714:7)
2026-07-13 13:04:56 error: AggregateError [ECONNREFUSED]: 
    at internalConnectMultiple (node:net:1139:18)
    at afterConnectMultiple (node:net:1714:7)
2026-07-13 13:04:58 error: AggregateError [ECONNREFUSED]: 
    at internalConnectMultiple (node:net:1139:18)
    at afterConnectMultiple (node:net:1714:7)
2026-07-13 13:05:00 error: AggregateError [ECONNREFUSED]: 
    at internalConnectMultiple (node:net:1139:18)
    at afterConnectMultiple (node:net:1714:7)
2026-07-13 13:05:02 error: AggregateError [ECONNREFUSED]: 
    at internalConnectMultiple (node:net:1139:18)
    at afterConnectMultiple (node:net:1714:7)
2026-07-13 13:05:04 error: AggregateError [ECONNREFUSED]: 
    at internalConnectMultiple (node:net:1139:18)
    at afterConnectMultiple (node:net:1714:7)
2026-07-13 13:05:06 error: AggregateError [ECONNREFUSED]: 
    at internalConnectMultiple (node:net:1139:18)
    at afterConnectMultiple (node:net:1714:7)
2026-07-13 13:05:08 error: AggregateError [ECONNREFUSED]: 
    at internalConnectMultiple (node:net:1139:18)
    at afterConnectMultiple (node:net:1714:7)
2026-07-13 13:05:10 error: AggregateError [ECONNREFUSED]: 
    at internalConnectMultiple (node:net:1139:18)
    at afterConnectMultiple (node:net:1714:7)
2026-07-13 13:05:12 error: AggregateError [ECONNREFUSED]: 
    at internalConnectMultiple (node:net:1139:18)
    at afterConnectMultiple (node:net:1714:7)
2026-07-13 13:05:14 error: AggregateError [ECONNREFUSED]: 
    at internalConnectMultiple (node:net:1139:18)
    at afterConnectMultiple (node:net:1714:7)
2026-07-13 13:05:16 error: AggregateError [ECONNREFUSED]: 
    at internalConnectMultiple (node:net:1139:18)
    at afterConnectMultiple (node:net:1714:7)
2026-07-13 13:05:18 error: AggregateError [ECONNREFUSED]: 
    at internalConnectMultiple (node:net:1139:18)
    at afterConnectMultiple (node:net:1714:7)
2026-07-13 13:05:20 error: AggregateError [ECONNREFUSED]: 
    at internalConnectMultiple (node:net:1139:18)
    at afterConnectMultiple (node:net:1714:7)
2026-07-13 13:05:22 error: AggregateError [ECONNREFUSED]: 
    at internalConnectMultiple (node:net:1139:18)
    at afterConnectMultiple (node:net:1714:7)
2026-07-13 13:05:24 error: AggregateError [ECONNREFUSED]: 
    at internalConnectMultiple (node:net:1139:18)
    at afterConnectMultiple (node:net:1714:7)
2026-07-13 13:05:26 error: AggregateError [ECONNREFUSED]: 
    at internalConnectMultiple (node:net:1139:18)
    at afterConnectMultiple (node:net:1714:7)
2026-07-13 13:05:28 error: AggregateError [ECONNREFUSED]: 
    at internalConnectMultiple (node:net:1139:18)
    at afterConnectMultiple (node:net:1714:7)
2026-07-13 13:05:30 error: AggregateError [ECONNREFUSED]: 
    at internalConnectMultiple (node:net:1139:18)
    at afterConnectMultiple (node:net:1714:7)
2026-07-13 13:05:32 error: AggregateError [ECONNREFUSED]: 
    at internalConnectMultiple (node:net:1139:18)
    at afterConnectMultiple (node:net:1714:7)
2026-07-13 13:05:34 error: AggregateError [ECONNREFUSED]: 
    at internalConnectMultiple (node:net:1139:18)
    at afterConnectMultiple (node:net:1714:7)
2026-07-13 13:05:36 error: AggregateError [ECONNREFUSED]: 
    at internalConnectMultiple (node:net:1139:18)
    at afterConnectMultiple (node:net:1714:7)
2026-07-13 13:05:38 error: AggregateError [ECONNREFUSED]: 
    at internalConnectMultiple (node:net:1139:18)
    at afterConnectMultiple (node:net:1714:7)
2026-07-13 13:05:40 error: AggregateError [ECONNREFUSED]: 
    at internalConnectMultiple (node:net:1139:18)
    at afterConnectMultiple (node:net:1714:7)
2026-07-13 13:05:42 error: AggregateError [ECONNREFUSED]: 
    at internalConnectMultiple (node:net:1139:18)
    at afterConnectMultiple (node:net:1714:7)
2026-07-13 13:05:44 error: AggregateError [ECONNREFUSED]: 
    at internalConnectMultiple (node:net:1139:18)
    at afterConnectMultiple (node:net:1714:7)
2026-07-13 13:05:46 error: AggregateError [ECONNREFUSED]: 
    at internalConnectMultiple (node:net:1139:18)
    at afterConnectMultiple (node:net:1714:7)
2026-07-13 13:05:48 error: AggregateError [ECONNREFUSED]: 
    at internalConnectMultiple (node:net:1139:18)
    at afterConnectMultiple (node:net:1714:7)
2026-07-13 13:05:50 error: AggregateError [ECONNREFUSED]: 
    at internalConnectMultiple (node:net:1139:18)
    at afterConnectMultiple (node:net:1714:7)
2026-07-13 13:05:52 error: AggregateError [ECONNREFUSED]: 
    at internalConnectMultiple (node:net:1139:18)
    at afterConnectMultiple (node:net:1714:7)
2026-07-13 13:05:54 error: AggregateError [ECONNREFUSED]: 
    at internalConnectMultiple (node:net:1139:18)
    at afterConnectMultiple (node:net:1714:7)
2026-07-13 13:05:56 error: AggregateError [ECONNREFUSED]: 
    at internalConnectMultiple (node:net:1139:18)
    at afterConnectMultiple (node:net:1714:7)
2026-07-13 13:05:58 error: AggregateError [ECONNREFUSED]: 
    at internalConnectMultiple (node:net:1139:18)
    at afterConnectMultiple (node:net:1714:7)
2026-07-13 13:06:00 error: AggregateError [ECONNREFUSED]: 
    at internalConnectMultiple (node:net:1139:18)
    at afterConnectMultiple (node:net:1714:7)
2026-07-13 13:06:02 error: AggregateError [ECONNREFUSED]: 
    at internalConnectMultiple (node:net:1139:18)
    at afterConnectMultiple (node:net:1714:7)
2026-07-13 13:06:05 error: AggregateError [ECONNREFUSED]: 
    at internalConnectMultiple (node:net:1139:18)
    at afterConnectMultiple (node:net:1714:7)
2026-07-13 13:06:07 error: AggregateError [ECONNREFUSED]: 
    at internalConnectMultiple (node:net:1139:18)
    at afterConnectMultiple (node:net:1714:7)
2026-07-13 13:06:09 error: AggregateError [ECONNREFUSED]: 
    at internalConnectMultiple (node:net:1139:18)
    at afterConnectMultiple (node:net:1714:7)
2026-07-13 13:06:11 error: AggregateError [ECONNREFUSED]: 
    at internalConnectMultiple (node:net:1139:18)
    at afterConnectMultiple (node:net:1714:7)
2026-07-13 13:06:13 error: AggregateError [ECONNREFUSED]: 
    at internalConnectMultiple (node:net:1139:18)
    at afterConnectMultiple (node:net:1714:7)
2026-07-13 13:06:15 error: AggregateError [ECONNREFUSED]: 
    at internalConnectMultiple (node:net:1139:18)
    at afterConnectMultiple (node:net:1714:7)
2026-07-13 13:06:17 error: AggregateError [ECONNREFUSED]: 
    at internalConnectMultiple (node:net:1139:18)
    at afterConnectMultiple (node:net:1714:7)
2026-07-13 13:06:19 error: AggregateError [ECONNREFUSED]: 
    at internalConnectMultiple (node:net:1139:18)
    at afterConnectMultiple (node:net:1714:7)
2026-07-13 13:06:21 error: AggregateError [ECONNREFUSED]: 
    at internalConnectMultiple (node:net:1139:18)
    at afterConnectMultiple (node:net:1714:7)
2026-07-13 13:06:23 error: AggregateError [ECONNREFUSED]: 
    at internalConnectMultiple (node:net:1139:18)
    at afterConnectMultiple (node:net:1714:7)
2026-07-13 13:06:25 error: AggregateError [ECONNREFUSED]: 
    at internalConnectMultiple (node:net:1139:18)
    at afterConnectMultiple (node:net:1714:7)
2026-07-13 13:06:27 error: AggregateError [ECONNREFUSED]: 
    at internalConnectMultiple (node:net:1139:18)
    at afterConnectMultiple (node:net:1714:7)
2026-07-13 13:06:29 error: AggregateError [ECONNREFUSED]: 
    at internalConnectMultiple (node:net:1139:18)
    at afterConnectMultiple (node:net:1714:7)
2026-07-13 13:06:31 error: AggregateError [ECONNREFUSED]: 
    at internalConnectMultiple (node:net:1139:18)
    at afterConnectMultiple (node:net:1714:7)
2026-07-13 13:06:33 error: AggregateError [ECONNREFUSED]: 
    at internalConnectMultiple (node:net:1139:18)
    at afterConnectMultiple (node:net:1714:7)
2026-07-13 13:06:35 error: AggregateError [ECONNREFUSED]: 
    at internalConnectMultiple (node:net:1139:18)
    at afterConnectMultiple (node:net:1714:7)
2026-07-13 13:06:37 error: AggregateError [ECONNREFUSED]: 
    at internalConnectMultiple (node:net:1139:18)
    at afterConnectMultiple (node:net:1714:7)
2026-07-13 13:06:39 error: AggregateError [ECONNREFUSED]: 
    at internalConnectMultiple (node:net:1139:18)
    at afterConnectMultiple (node:net:1714:7)
2026-07-13 13:06:41 error: AggregateError [ECONNREFUSED]: 
    at internalConnectMultiple (node:net:1139:18)
    at afterConnectMultiple (node:net:1714:7)
2026-07-13 13:06:43 error: AggregateError [ECONNREFUSED]: 
    at internalConnectMultiple (node:net:1139:18)
    at afterConnectMultiple (node:net:1714:7)
2026-07-13 13:06:45 error: AggregateError [ECONNREFUSED]: 
    at internalConnectMultiple (node:net:1139:18)
    at afterConnectMultiple (node:net:1714:7)
2026-07-13 13:06:47 error: AggregateError [ECONNREFUSED]: 
    at internalConnectMultiple (node:net:1139:18)
    at afterConnectMultiple (node:net:1714:7)
2026-07-13 13:06:49 error: AggregateError [ECONNREFUSED]: 
    at internalConnectMultiple (node:net:1139:18)
    at afterConnectMultiple (node:net:1714:7)
2026-07-13 13:06:51 error: AggregateError [ECONNREFUSED]: 
    at internalConnectMultiple (node:net:1139:18)
    at afterConnectMultiple (node:net:1714:7)
2026-07-13 13:06:53 error: AggregateError [ECONNREFUSED]: 
    at internalConnectMultiple (node:net:1139:18)
    at afterConnectMultiple (node:net:1714:7)
2026-07-13 13:06:55 error: AggregateError [ECONNREFUSED]: 
    at internalConnectMultiple (node:net:1139:18)
    at afterConnectMultiple (node:net:1714:7)
2026-07-13 13:06:58 error: AggregateError [ECONNREFUSED]: 
    at internalConnectMultiple (node:net:1139:18)
    at afterConnectMultiple (node:net:1714:7)
2026-07-13 13:07:00 error: AggregateError [ECONNREFUSED]: 
    at internalConnectMultiple (node:net:1139:18)
    at afterConnectMultiple (node:net:1714:7)
2026-07-13 13:07:02 error: AggregateError [ECONNREFUSED]: 
    at internalConnectMultiple (node:net:1139:18)
    at afterConnectMultiple (node:net:1714:7)
2026-07-13 13:07:04 error: AggregateError [ECONNREFUSED]: 
    at internalConnectMultiple (node:net:1139:18)
    at afterConnectMultiple (node:net:1714:7)
2026-07-13 13:07:06 error: AggregateError [ECONNREFUSED]: 
    at internalConnectMultiple (node:net:1139:18)
    at afterConnectMultiple (node:net:1714:7)
2026-07-13 13:07:08 error: AggregateError [ECONNREFUSED]: 
    at internalConnectMultiple (node:net:1139:18)
    at afterConnectMultiple (node:net:1714:7)
2026-07-13 13:07:10 error: AggregateError [ECONNREFUSED]: 
    at internalConnectMultiple (node:net:1139:18)
    at afterConnectMultiple (node:net:1714:7)
2026-07-13 13:07:12 error: AggregateError [ECONNREFUSED]: 
    at internalConnectMultiple (node:net:1139:18)
    at afterConnectMultiple (node:net:1714:7)
2026-07-13 13:07:14 error: AggregateError [ECONNREFUSED]: 
    at internalConnectMultiple (node:net:1139:18)
    at afterConnectMultiple (node:net:1714:7)
2026-07-13 13:07:16 error: AggregateError [ECONNREFUSED]: 
    at internalConnectMultiple (node:net:1139:18)
    at afterConnectMultiple (node:net:1714:7)
2026-07-13 13:07:18 error: AggregateError [ECONNREFUSED]: 
    at internalConnectMultiple (node:net:1139:18)
    at afterConnectMultiple (node:net:1714:7)
2026-07-13 13:07:20 error: AggregateError [ECONNREFUSED]: 
    at internalConnectMultiple (node:net:1139:18)
    at afterConnectMultiple (node:net:1714:7)
2026-07-13 13:07:22 error: AggregateError [ECONNREFUSED]: 
    at internalConnectMultiple (node:net:1139:18)
    at afterConnectMultiple (node:net:1714:7)
2026-07-13 13:07:24 error: AggregateError [ECONNREFUSED]: 
    at internalConnectMultiple (node:net:1139:18)
    at afterConnectMultiple (node:net:1714:7)
2026-07-13 13:07:26 error: AggregateError [ECONNREFUSED]: 
    at internalConnectMultiple (node:net:1139:18)
    at afterConnectMultiple (node:net:1714:7)
2026-07-13 13:07:28 error: AggregateError [ECONNREFUSED]: 
    at internalConnectMultiple (node:net:1139:18)
    at afterConnectMultiple (node:net:1714:7)
2026-07-13 13:07:30 error: AggregateError [ECONNREFUSED]: 
    at internalConnectMultiple (node:net:1139:18)
    at afterConnectMultiple (node:net:1714:7)
2026-07-13 13:07:32 error: AggregateError [ECONNREFUSED]: 
    at internalConnectMultiple (node:net:1139:18)
    at afterConnectMultiple (node:net:1714:7)
2026-07-13 13:07:34 error: AggregateError [ECONNREFUSED]: 
    at internalConnectMultiple (node:net:1139:18)
    at afterConnectMultiple (node:net:1714:7)
2026-07-13 13:07:36 error: AggregateError [ECONNREFUSED]: 
    at internalConnectMultiple (node:net:1139:18)
    at afterConnectMultiple (node:net:1714:7)
2026-07-13 13:07:38 error: AggregateError [ECONNREFUSED]: 
    at internalConnectMultiple (node:net:1139:18)
    at afterConnectMultiple (node:net:1714:7)
2026-07-13 13:07:40 error: AggregateError [ECONNREFUSED]: 
    at internalConnectMultiple (node:net:1139:18)
    at afterConnectMultiple (node:net:1714:7)
2026-07-13 13:07:42 error: AggregateError [ECONNREFUSED]: 
    at internalConnectMultiple (node:net:1139:18)
    at afterConnectMultiple (node:net:1714:7)
2026-07-13 13:07:44 error: AggregateError [ECONNREFUSED]: 
    at internalConnectMultiple (node:net:1139:18)
    at afterConnectMultiple (node:net:1714:7)
2026-07-13 13:07:46 error: AggregateError [ECONNREFUSED]: 
    at internalConnectMultiple (node:net:1139:18)
    at afterConnectMultiple (node:net:1714:7)
2026-07-13 13:07:48 error: AggregateError [ECONNREFUSED]: 
    at internalConnectMultiple (node:net:1139:18)
    at afterConnectMultiple (node:net:1714:7)
2026-07-13 13:07:50 error: AggregateError [ECONNREFUSED]: 
    at internalConnectMultiple (node:net:1139:18)
    at afterConnectMultiple (node:net:1714:7)
2026-07-13 13:07:52 error: AggregateError [ECONNREFUSED]: 
    at internalConnectMultiple (node:net:1139:18)
    at afterConnectMultiple (node:net:1714:7)
2026-07-13 13:07:54 error: AggregateError [ECONNREFUSED]: 
    at internalConnectMultiple (node:net:1139:18)
    at afterConnectMultiple (node:net:1714:7)
2026-07-13 13:07:56 error: AggregateError [ECONNREFUSED]: 
    at internalConnectMultiple (node:net:1139:18)
    at afterConnectMultiple (node:net:1714:7)
2026-07-13 13:07:58 error: AggregateError [ECONNREFUSED]: 
    at internalConnectMultiple (node:net:1139:18)
    at afterConnectMultiple (node:net:1714:7)
2026-07-13 13:08:00 error: AggregateError [ECONNREFUSED]: 
    at internalConnectMultiple (node:net:1139:18)
    at afterConnectMultiple (node:net:1714:7)
2026-07-13 13:08:02 error: AggregateError [ECONNREFUSED]: 
    at internalConnectMultiple (node:net:1139:18)
    at afterConnectMultiple (node:net:1714:7)
2026-07-13 13:08:04 error: AggregateError [ECONNREFUSED]: 
    at internalConnectMultiple (node:net:1139:18)
    at afterConnectMultiple (node:net:1714:7)
2026-07-13 13:08:06 error: AggregateError [ECONNREFUSED]: 
    at internalConnectMultiple (node:net:1139:18)
    at afterConnectMultiple (node:net:1714:7)
2026-07-13 13:08:08 error: AggregateError [ECONNREFUSED]: 
    at internalConnectMultiple (node:net:1139:18)
    at afterConnectMultiple (node:net:1714:7)
2026-07-13 13:08:10 error: AggregateError [ECONNREFUSED]: 
    at internalConnectMultiple (node:net:1139:18)
    at afterConnectMultiple (node:net:1714:7)
2026-07-13 13:08:12 error: AggregateError [ECONNREFUSED]: 
    at internalConnectMultiple (node:net:1139:18)
    at afterConnectMultiple (node:net:1714:7)
2026-07-13 13:08:14 error: AggregateError [ECONNREFUSED]: 
    at internalConnectMultiple (node:net:1139:18)
    at afterConnectMultiple (node:net:1714:7)
2026-07-13 13:08:16 error: AggregateError [ECONNREFUSED]: 
    at internalConnectMultiple (node:net:1139:18)
    at afterConnectMultiple (node:net:1714:7)
2026-07-13 13:08:18 error: AggregateError [ECONNREFUSED]: 
    at internalConnectMultiple (node:net:1139:18)
    at afterConnectMultiple (node:net:1714:7)
2026-07-13 13:08:20 error: AggregateError [ECONNREFUSED]: 
    at internalConnectMultiple (node:net:1139:18)
    at afterConnectMultiple (node:net:1714:7)
2026-07-13 13:08:22 error: AggregateError [ECONNREFUSED]: 
    at internalConnectMultiple (node:net:1139:18)
    at afterConnectMultiple (node:net:1714:7)
2026-07-13 13:08:24 error: AggregateError [ECONNREFUSED]: 
    at internalConnectMultiple (node:net:1139:18)
    at afterConnectMultiple (node:net:1714:7)
2026-07-13 13:08:26 error: AggregateError [ECONNREFUSED]: 
    at internalConnectMultiple (node:net:1139:18)
    at afterConnectMultiple (node:net:1714:7)
2026-07-13 13:08:28 error: AggregateError [ECONNREFUSED]: 
    at internalConnectMultiple (node:net:1139:18)
    at afterConnectMultiple (node:net:1714:7)
2026-07-13 13:08:30 error: AggregateError [ECONNREFUSED]: 
    at internalConnectMultiple (node:net:1139:18)
    at afterConnectMultiple (node:net:1714:7)
2026-07-13 13:08:32 error: AggregateError [ECONNREFUSED]: 
    at internalConnectMultiple (node:net:1139:18)
    at afterConnectMultiple (node:net:1714:7)
2026-07-13 13:08:34 error: AggregateError [ECONNREFUSED]: 
    at internalConnectMultiple (node:net:1139:18)
    at afterConnectMultiple (node:net:1714:7)
2026-07-13 13:08:36 error: AggregateError [ECONNREFUSED]: 
    at internalConnectMultiple (node:net:1139:18)
    at afterConnectMultiple (node:net:1714:7)
2026-07-13 13:08:38 error: AggregateError [ECONNREFUSED]: 
    at internalConnectMultiple (node:net:1139:18)
    at afterConnectMultiple (node:net:1714:7)
2026-07-13 13:08:40 error: AggregateError [ECONNREFUSED]: 
    at internalConnectMultiple (node:net:1139:18)
    at afterConnectMultiple (node:net:1714:7)
2026-07-13 13:08:42 error: AggregateError [ECONNREFUSED]: 
    at internalConnectMultiple (node:net:1139:18)
    at afterConnectMultiple (node:net:1714:7)
2026-07-13 13:08:44 error: AggregateError [ECONNREFUSED]: 
    at internalConnectMultiple (node:net:1139:18)
    at afterConnectMultiple (node:net:1714:7)
2026-07-13 13:08:46 error: AggregateError [ECONNREFUSED]: 
    at internalConnectMultiple (node:net:1139:18)
    at afterConnectMultiple (node:net:1714:7)
2026-07-13 13:08:48 error: AggregateError [ECONNREFUSED]: 
    at internalConnectMultiple (node:net:1139:18)
    at afterConnectMultiple (node:net:1714:7)
2026-07-13 13:08:50 error: AggregateError [ECONNREFUSED]: 
    at internalConnectMultiple (node:net:1139:18)
    at afterConnectMultiple (node:net:1714:7)
2026-07-13 13:08:52 error: AggregateError [ECONNREFUSED]: 
    at internalConnectMultiple (node:net:1139:18)
    at afterConnectMultiple (node:net:1714:7)
2026-07-13 13:08:54 error: AggregateError [ECONNREFUSED]: 
    at internalConnectMultiple (node:net:1139:18)
    at afterConnectMultiple (node:net:1714:7)
2026-07-13 13:08:56 error: AggregateError [ECONNREFUSED]: 
    at internalConnectMultiple (node:net:1139:18)
    at afterConnectMultiple (node:net:1714:7)
2026-07-13 13:08:58 error: AggregateError [ECONNREFUSED]: 
    at internalConnectMultiple (node:net:1139:18)
    at afterConnectMultiple (node:net:1714:7)
2026-07-13 13:09:00 error: AggregateError [ECONNREFUSED]: 
    at internalConnectMultiple (node:net:1139:18)
    at afterConnectMultiple (node:net:1714:7)
2026-07-13 13:09:02 error: AggregateError [ECONNREFUSED]: 
    at internalConnectMultiple (node:net:1139:18)
    at afterConnectMultiple (node:net:1714:7)
2026-07-13 13:09:04 error: AggregateError [ECONNREFUSED]: 
    at internalConnectMultiple (node:net:1139:18)
    at afterConnectMultiple (node:net:1714:7)
2026-07-13 13:09:06 error: AggregateError [ECONNREFUSED]: 
    at internalConnectMultiple (node:net:1139:18)
    at afterConnectMultiple (node:net:1714:7)
2026-07-13 13:09:08 error: AggregateError [ECONNREFUSED]: 
    at internalConnectMultiple (node:net:1139:18)
    at afterConnectMultiple (node:net:1714:7)
2026-07-13 13:09:11 error: AggregateError [ECONNREFUSED]: 
    at internalConnectMultiple (node:net:1139:18)
    at afterConnectMultiple (node:net:1714:7)
2026-07-13 13:09:13 error: AggregateError [ECONNREFUSED]: 
    at internalConnectMultiple (node:net:1139:18)
    at afterConnectMultiple (node:net:1714:7)
2026-07-13 13:09:15 error: AggregateError [ECONNREFUSED]: 
    at internalConnectMultiple (node:net:1139:18)
    at afterConnectMultiple (node:net:1714:7)
2026-07-13 13:09:17 error: AggregateError [ECONNREFUSED]: 
    at internalConnectMultiple (node:net:1139:18)
    at afterConnectMultiple (node:net:1714:7)
2026-07-13 13:09:19 error: AggregateError [ECONNREFUSED]: 
    at internalConnectMultiple (node:net:1139:18)
    at afterConnectMultiple (node:net:1714:7)
2026-07-13 13:09:21 error: AggregateError [ECONNREFUSED]: 
    at internalConnectMultiple (node:net:1139:18)
    at afterConnectMultiple (node:net:1714:7)
2026-07-13 13:09:23 error: AggregateError [ECONNREFUSED]: 
    at internalConnectMultiple (node:net:1139:18)
    at afterConnectMultiple (node:net:1714:7)
2026-07-13 13:09:25 error: AggregateError [ECONNREFUSED]: 
    at internalConnectMultiple (node:net:1139:18)
    at afterConnectMultiple (node:net:1714:7)
2026-07-13 13:09:27 error: AggregateError [ECONNREFUSED]: 
    at internalConnectMultiple (node:net:1139:18)
    at afterConnectMultiple (node:net:1714:7)
2026-07-13 13:09:29 error: AggregateError [ECONNREFUSED]: 
    at internalConnectMultiple (node:net:1139:18)
    at afterConnectMultiple (node:net:1714:7)
2026-07-13 13:09:31 error: AggregateError [ECONNREFUSED]: 
    at internalConnectMultiple (node:net:1139:18)
    at afterConnectMultiple (node:net:1714:7)
2026-07-13 13:09:33 error: AggregateError [ECONNREFUSED]: 
    at internalConnectMultiple (node:net:1139:18)
    at afterConnectMultiple (node:net:1714:7)
2026-07-13 13:09:35 error: AggregateError [ECONNREFUSED]: 
    at internalConnectMultiple (node:net:1139:18)
    at afterConnectMultiple (node:net:1714:7)
2026-07-13 13:09:37 error: AggregateError [ECONNREFUSED]: 
    at internalConnectMultiple (node:net:1139:18)
    at afterConnectMultiple (node:net:1714:7)
2026-07-13 13:09:39 error: AggregateError [ECONNREFUSED]: 
    at internalConnectMultiple (node:net:1139:18)
    at afterConnectMultiple (node:net:1714:7)
2026-07-13 13:09:41 error: AggregateError [ECONNREFUSED]: 
    at internalConnectMultiple (node:net:1139:18)
    at afterConnectMultiple (node:net:1714:7)
2026-07-13 13:09:43 error: AggregateError [ECONNREFUSED]: 
    at internalConnectMultiple (node:net:1139:18)
    at afterConnectMultiple (node:net:1714:7)
2026-07-13 13:09:45 error: AggregateError [ECONNREFUSED]: 
    at internalConnectMultiple (node:net:1139:18)
    at afterConnectMultiple (node:net:1714:7)
2026-07-13 13:09:47 error: AggregateError [ECONNREFUSED]: 
    at internalConnectMultiple (node:net:1139:18)
    at afterConnectMultiple (node:net:1714:7)
2026-07-13 13:09:49 error: AggregateError [ECONNREFUSED]: 
    at internalConnectMultiple (node:net:1139:18)
    at afterConnectMultiple (node:net:1714:7)
2026-07-13 13:09:51 error: AggregateError [ECONNREFUSED]: 
    at internalConnectMultiple (node:net:1139:18)
    at afterConnectMultiple (node:net:1714:7)
2026-07-13 13:09:53 error: AggregateError [ECONNREFUSED]: 
    at internalConnectMultiple (node:net:1139:18)
    at afterConnectMultiple (node:net:1714:7)
2026-07-13 13:09:55 error: AggregateError [ECONNREFUSED]: 
    at internalConnectMultiple (node:net:1139:18)
    at afterConnectMultiple (node:net:1714:7)
2026-07-13 13:09:57 error: AggregateError [ECONNREFUSED]: 
    at internalConnectMultiple (node:net:1139:18)
    at afterConnectMultiple (node:net:1714:7)
2026-07-13 13:09:59 error: AggregateError [ECONNREFUSED]: 
    at internalConnectMultiple (node:net:1139:18)
    at afterConnectMultiple (node:net:1714:7)
2026-07-13 13:10:01 error: AggregateError [ECONNREFUSED]: 
    at internalConnectMultiple (node:net:1139:18)
    at afterConnectMultiple (node:net:1714:7)
2026-07-13 13:10:03 error: AggregateError [ECONNREFUSED]: 
    at internalConnectMultiple (node:net:1139:18)
    at afterConnectMultiple (node:net:1714:7)
2026-07-13 13:10:05 error: AggregateError [ECONNREFUSED]: 
    at internalConnectMultiple (node:net:1139:18)
    at afterConnectMultiple (node:net:1714:7)
2026-07-13 13:10:07 error: AggregateError [ECONNREFUSED]: 
    at internalConnectMultiple (node:net:1139:18)
    at afterConnectMultiple (node:net:1714:7)
2026-07-13 13:10:09 error: AggregateError [ECONNREFUSED]: 
    at internalConnectMultiple (node:net:1139:18)
    at afterConnectMultiple (node:net:1714:7)
2026-07-13 13:10:11 error: AggregateError [ECONNREFUSED]: 
    at internalConnectMultiple (node:net:1139:18)
    at afterConnectMultiple (node:net:1714:7)
2026-07-13 13:10:13 error: AggregateError [ECONNREFUSED]: 
    at internalConnectMultiple (node:net:1139:18)
    at afterConnectMultiple (node:net:1714:7)
2026-07-13 13:10:15 error: AggregateError [ECONNREFUSED]: 
    at internalConnectMultiple (node:net:1139:18)
    at afterConnectMultiple (node:net:1714:7)
2026-07-13 13:10:17 error: AggregateError [ECONNREFUSED]: 
    at internalConnectMultiple (node:net:1139:18)
    at afterConnectMultiple (node:net:1714:7)
2026-07-13 13:10:19 error: AggregateError [ECONNREFUSED]: 
    at internalConnectMultiple (node:net:1139:18)
    at afterConnectMultiple (node:net:1714:7)
2026-07-13 13:10:21 error: AggregateError [ECONNREFUSED]: 
    at internalConnectMultiple (node:net:1139:18)
    at afterConnectMultiple (node:net:1714:7)
2026-07-13 13:10:23 error: AggregateError [ECONNREFUSED]: 
    at internalConnectMultiple (node:net:1139:18)
    at afterConnectMultiple (node:net:1714:7)
2026-07-13 13:10:25 error: AggregateError [ECONNREFUSED]: 
    at internalConnectMultiple (node:net:1139:18)
    at afterConnectMultiple (node:net:1714:7)
2026-07-13 13:10:27 error: AggregateError [ECONNREFUSED]: 
    at internalConnectMultiple (node:net:1139:18)
    at afterConnectMultiple (node:net:1714:7)
2026-07-13 13:10:29 error: AggregateError [ECONNREFUSED]: 
    at internalConnectMultiple (node:net:1139:18)
    at afterConnectMultiple (node:net:1714:7)
2026-07-13 13:10:31 error: AggregateError [ECONNREFUSED]: 
    at internalConnectMultiple (node:net:1139:18)
    at afterConnectMultiple (node:net:1714:7)
2026-07-13 13:10:33 error: AggregateError [ECONNREFUSED]: 
    at internalConnectMultiple (node:net:1139:18)
    at afterConnectMultiple (node:net:1714:7)
2026-07-13 13:10:35 error: AggregateError [ECONNREFUSED]: 
    at internalConnectMultiple (node:net:1139:18)
    at afterConnectMultiple (node:net:1714:7)
2026-07-13 13:10:37 error: AggregateError [ECONNREFUSED]: 
    at internalConnectMultiple (node:net:1139:18)
    at afterConnectMultiple (node:net:1714:7)
2026-07-13 13:10:39 error: AggregateError [ECONNREFUSED]: 
    at internalConnectMultiple (node:net:1139:18)
    at afterConnectMultiple (node:net:1714:7)
2026-07-13 13:10:41 error: AggregateError [ECONNREFUSED]: 
    at internalConnectMultiple (node:net:1139:18)
    at afterConnectMultiple (node:net:1714:7)
2026-07-13 13:10:43 error: AggregateError [ECONNREFUSED]: 
    at internalConnectMultiple (node:net:1139:18)
    at afterConnectMultiple (node:net:1714:7)
2026-07-13 13:10:45 error: AggregateError [ECONNREFUSED]: 
    at internalConnectMultiple (node:net:1139:18)
    at afterConnectMultiple (node:net:1714:7)
2026-07-13 13:10:47 error: AggregateError [ECONNREFUSED]: 
    at internalConnectMultiple (node:net:1139:18)
    at afterConnectMultiple (node:net:1714:7)
2026-07-13 13:10:49 error: AggregateError [ECONNREFUSED]: 
    at internalConnectMultiple (node:net:1139:18)
    at afterConnectMultiple (node:net:1714:7)
2026-07-13 13:10:51 error: AggregateError [ECONNREFUSED]: 
    at internalConnectMultiple (node:net:1139:18)
    at afterConnectMultiple (node:net:1714:7)
2026-07-13 13:10:53 error: AggregateError [ECONNREFUSED]: 
    at internalConnectMultiple (node:net:1139:18)
    at afterConnectMultiple (node:net:1714:7)
2026-07-13 13:10:55 error: AggregateError [ECONNREFUSED]: 
    at internalConnectMultiple (node:net:1139:18)
    at afterConnectMultiple (node:net:1714:7)
2026-07-13 13:10:57 error: AggregateError [ECONNREFUSED]: 
    at internalConnectMultiple (node:net:1139:18)
    at afterConnectMultiple (node:net:1714:7)
2026-07-13 13:10:59 error: AggregateError [ECONNREFUSED]: 
    at internalConnectMultiple (node:net:1139:18)
    at afterConnectMultiple (node:net:1714:7)
2026-07-13 13:11:01 error: AggregateError [ECONNREFUSED]: 
    at internalConnectMultiple (node:net:1139:18)
    at afterConnectMultiple (node:net:1714:7)
2026-07-13 13:11:03 error: AggregateError [ECONNREFUSED]: 
    at internalConnectMultiple (node:net:1139:18)
    at afterConnectMultiple (node:net:1714:7)
2026-07-13 13:11:05 error: AggregateError [ECONNREFUSED]: 
    at internalConnectMultiple (node:net:1139:18)
    at afterConnectMultiple (node:net:1714:7)
2026-07-13 13:11:07 error: AggregateError [ECONNREFUSED]: 
    at internalConnectMultiple (node:net:1139:18)
    at afterConnectMultiple (node:net:1714:7)
2026-07-13 13:11:09 error: AggregateError [ECONNREFUSED]: 
    at internalConnectMultiple (node:net:1139:18)
    at afterConnectMultiple (node:net:1714:7)
2026-07-13 13:11:11 error: AggregateError [ECONNREFUSED]: 
    at internalConnectMultiple (node:net:1139:18)
    at afterConnectMultiple (node:net:1714:7)
2026-07-13 13:11:13 error: AggregateError [ECONNREFUSED]: 
    at internalConnectMultiple (node:net:1139:18)
    at afterConnectMultiple (node:net:1714:7)
2026-07-13 13:11:15 error: AggregateError [ECONNREFUSED]: 
    at internalConnectMultiple (node:net:1139:18)
    at afterConnectMultiple (node:net:1714:7)
2026-07-13 13:11:17 error: AggregateError [ECONNREFUSED]: 
    at internalConnectMultiple (node:net:1139:18)
    at afterConnectMultiple (node:net:1714:7)
2026-07-13 13:11:19 error: AggregateError [ECONNREFUSED]: 
    at internalConnectMultiple (node:net:1139:18)
    at afterConnectMultiple (node:net:1714:7)
2026-07-13 13:11:21 error: AggregateError [ECONNREFUSED]: 
    at internalConnectMultiple (node:net:1139:18)
    at afterConnectMultiple (node:net:1714:7)
2026-07-13 13:11:23 error: AggregateError [ECONNREFUSED]: 
    at internalConnectMultiple (node:net:1139:18)
    at afterConnectMultiple (node:net:1714:7)
2026-07-13 13:11:25 error: AggregateError [ECONNREFUSED]: 
    at internalConnectMultiple (node:net:1139:18)
    at afterConnectMultiple (node:net:1714:7)
2026-07-13 13:11:27 error: AggregateError [ECONNREFUSED]: 
    at internalConnectMultiple (node:net:1139:18)
    at afterConnectMultiple (node:net:1714:7)
2026-07-13 13:11:29 error: AggregateError [ECONNREFUSED]: 
    at internalConnectMultiple (node:net:1139:18)
    at afterConnectMultiple (node:net:1714:7)
2026-07-13 13:11:31 error: AggregateError [ECONNREFUSED]: 
    at internalConnectMultiple (node:net:1139:18)
    at afterConnectMultiple (node:net:1714:7)
2026-07-13 13:11:33 error: AggregateError [ECONNREFUSED]: 
    at internalConnectMultiple (node:net:1139:18)
    at afterConnectMultiple (node:net:1714:7)
2026-07-13 13:11:35 error: AggregateError [ECONNREFUSED]: 
    at internalConnectMultiple (node:net:1139:18)
    at afterConnectMultiple (node:net:1714:7)
2026-07-13 13:11:37 error: AggregateError [ECONNREFUSED]: 
    at internalConnectMultiple (node:net:1139:18)
    at afterConnectMultiple (node:net:1714:7)
2026-07-13 13:11:39 error: AggregateError [ECONNREFUSED]: 
    at internalConnectMultiple (node:net:1139:18)
    at afterConnectMultiple (node:net:1714:7)
2026-07-13 13:11:41 error: AggregateError [ECONNREFUSED]: 
    at internalConnectMultiple (node:net:1139:18)
    at afterConnectMultiple (node:net:1714:7)
2026-07-13 13:11:43 error: AggregateError [ECONNREFUSED]: 
    at internalConnectMultiple (node:net:1139:18)
    at afterConnectMultiple (node:net:1714:7)
2026-07-13 13:11:46 error: AggregateError [ECONNREFUSED]: 
    at internalConnectMultiple (node:net:1139:18)
    at afterConnectMultiple (node:net:1714:7)
2026-07-13 13:11:48 error: AggregateError [ECONNREFUSED]: 
    at internalConnectMultiple (node:net:1139:18)
    at afterConnectMultiple (node:net:1714:7)
2026-07-13 13:11:50 error: AggregateError [ECONNREFUSED]: 
    at internalConnectMultiple (node:net:1139:18)
    at afterConnectMultiple (node:net:1714:7)
2026-07-13 13:11:52 error: AggregateError [ECONNREFUSED]: 
    at internalConnectMultiple (node:net:1139:18)
    at afterConnectMultiple (node:net:1714:7)
2026-07-13 13:11:54 error: AggregateError [ECONNREFUSED]: 
    at internalConnectMultiple (node:net:1139:18)
    at afterConnectMultiple (node:net:1714:7)
2026-07-13 13:11:56 error: AggregateError [ECONNREFUSED]: 
    at internalConnectMultiple (node:net:1139:18)
    at afterConnectMultiple (node:net:1714:7)
2026-07-13 13:11:58 error: AggregateError [ECONNREFUSED]: 
    at internalConnectMultiple (node:net:1139:18)
    at afterConnectMultiple (node:net:1714:7)
2026-07-13 13:12:00 error: AggregateError [ECONNREFUSED]: 
    at internalConnectMultiple (node:net:1139:18)
    at afterConnectMultiple (node:net:1714:7)
2026-07-13 13:12:02 error: AggregateError [ECONNREFUSED]: 
    at internalConnectMultiple (node:net:1139:18)
    at afterConnectMultiple (node:net:1714:7)
2026-07-13 13:12:04 error: AggregateError [ECONNREFUSED]: 
    at internalConnectMultiple (node:net:1139:18)
    at afterConnectMultiple (node:net:1714:7)
2026-07-13 13:12:06 error: AggregateError [ECONNREFUSED]: 
    at internalConnectMultiple (node:net:1139:18)
    at afterConnectMultiple (node:net:1714:7)
2026-07-13 13:12:08 error: AggregateError [ECONNREFUSED]: 
    at internalConnectMultiple (node:net:1139:18)
    at afterConnectMultiple (node:net:1714:7)
2026-07-13 13:12:10 error: AggregateError [ECONNREFUSED]: 
    at internalConnectMultiple (node:net:1139:18)
    at afterConnectMultiple (node:net:1714:7)
2026-07-13 13:12:12 error: AggregateError [ECONNREFUSED]: 
    at internalConnectMultiple (node:net:1139:18)
    at afterConnectMultiple (node:net:1714:7)
2026-07-13 13:12:14 error: AggregateError [ECONNREFUSED]: 
    at internalConnectMultiple (node:net:1139:18)
    at afterConnectMultiple (node:net:1714:7)
2026-07-13 13:12:16 error: AggregateError [ECONNREFUSED]: 
    at internalConnectMultiple (node:net:1139:18)
    at afterConnectMultiple (node:net:1714:7)
2026-07-13 13:12:18 error: AggregateError [ECONNREFUSED]: 
    at internalConnectMultiple (node:net:1139:18)
    at afterConnectMultiple (node:net:1714:7)
2026-07-13 13:12:20 error: AggregateError [ECONNREFUSED]: 
    at internalConnectMultiple (node:net:1139:18)
    at afterConnectMultiple (node:net:1714:7)
2026-07-13 13:12:22 error: AggregateError [ECONNREFUSED]: 
    at internalConnectMultiple (node:net:1139:18)
    at afterConnectMultiple (node:net:1714:7)
2026-07-13 13:12:24 error: AggregateError [ECONNREFUSED]: 
    at internalConnectMultiple (node:net:1139:18)
    at afterConnectMultiple (node:net:1714:7)
2026-07-13 13:12:26 error: AggregateError [ECONNREFUSED]: 
    at internalConnectMultiple (node:net:1139:18)
    at afterConnectMultiple (node:net:1714:7)
2026-07-13 13:12:28 error: AggregateError [ECONNREFUSED]: 
    at internalConnectMultiple (node:net:1139:18)
    at afterConnectMultiple (node:net:1714:7)
2026-07-13 13:12:30 error: AggregateError [ECONNREFUSED]: 
    at internalConnectMultiple (node:net:1139:18)
    at afterConnectMultiple (node:net:1714:7)
2026-07-13 13:12:32 error: AggregateError [ECONNREFUSED]: 
    at internalConnectMultiple (node:net:1139:18)
    at afterConnectMultiple (node:net:1714:7)
2026-07-13 13:12:34 error: AggregateError [ECONNREFUSED]: 
    at internalConnectMultiple (node:net:1139:18)
    at afterConnectMultiple (node:net:1714:7)
2026-07-13 13:12:36 error: AggregateError [ECONNREFUSED]: 
    at internalConnectMultiple (node:net:1139:18)
    at afterConnectMultiple (node:net:1714:7)
2026-07-13 13:12:38 error: AggregateError [ECONNREFUSED]: 
    at internalConnectMultiple (node:net:1139:18)
    at afterConnectMultiple (node:net:1714:7)
2026-07-13 13:12:40 error: AggregateError [ECONNREFUSED]: 
    at internalConnectMultiple (node:net:1139:18)
    at afterConnectMultiple (node:net:1714:7)
2026-07-13 13:12:42 error: AggregateError [ECONNREFUSED]: 
    at internalConnectMultiple (node:net:1139:18)
    at afterConnectMultiple (node:net:1714:7)
2026-07-13 13:12:44 error: AggregateError [ECONNREFUSED]: 
    at internalConnectMultiple (node:net:1139:18)
    at afterConnectMultiple (node:net:1714:7)
2026-07-13 13:12:46 error: AggregateError [ECONNREFUSED]: 
    at internalConnectMultiple (node:net:1139:18)
    at afterConnectMultiple (node:net:1714:7)
2026-07-13 13:12:48 error: AggregateError [ECONNREFUSED]: 
    at internalConnectMultiple (node:net:1139:18)
    at afterConnectMultiple (node:net:1714:7)
2026-07-13 13:12:50 error: AggregateError [ECONNREFUSED]: 
    at internalConnectMultiple (node:net:1139:18)
    at afterConnectMultiple (node:net:1714:7)
2026-07-13 13:12:52 error: AggregateError [ECONNREFUSED]: 
    at internalConnectMultiple (node:net:1139:18)
    at afterConnectMultiple (node:net:1714:7)
2026-07-13 13:12:54 error: AggregateError [ECONNREFUSED]: 
    at internalConnectMultiple (node:net:1139:18)
    at afterConnectMultiple (node:net:1714:7)
2026-07-13 13:12:56 error: AggregateError [ECONNREFUSED]: 
    at internalConnectMultiple (node:net:1139:18)
    at afterConnectMultiple (node:net:1714:7)
2026-07-13 13:12:58 error: AggregateError [ECONNREFUSED]: 
    at internalConnectMultiple (node:net:1139:18)
    at afterConnectMultiple (node:net:1714:7)
2026-07-13 13:13:00 error: AggregateError [ECONNREFUSED]: 
    at internalConnectMultiple (node:net:1139:18)
    at afterConnectMultiple (node:net:1714:7)
2026-07-13 13:13:02 error: AggregateError [ECONNREFUSED]: 
    at internalConnectMultiple (node:net:1139:18)
    at afterConnectMultiple (node:net:1714:7)
2026-07-13 13:13:04 error: AggregateError [ECONNREFUSED]: 
    at internalConnectMultiple (node:net:1139:18)
    at afterConnectMultiple (node:net:1714:7)
2026-07-13 13:13:06 error: AggregateError [ECONNREFUSED]: 
    at internalConnectMultiple (node:net:1139:18)
    at afterConnectMultiple (node:net:1714:7)
2026-07-13 13:13:08 error: AggregateError [ECONNREFUSED]: 
    at internalConnectMultiple (node:net:1139:18)
    at afterConnectMultiple (node:net:1714:7)
2026-07-13 13:13:10 error: AggregateError [ECONNREFUSED]: 
    at internalConnectMultiple (node:net:1139:18)
    at afterConnectMultiple (node:net:1714:7)
2026-07-13 13:13:12 error: AggregateError [ECONNREFUSED]: 
    at internalConnectMultiple (node:net:1139:18)
    at afterConnectMultiple (node:net:1714:7)
2026-07-13 13:13:14 error: AggregateError [ECONNREFUSED]: 
    at internalConnectMultiple (node:net:1139:18)
    at afterConnectMultiple (node:net:1714:7)
2026-07-13 13:13:16 error: AggregateError [ECONNREFUSED]: 
    at internalConnectMultiple (node:net:1139:18)
    at afterConnectMultiple (node:net:1714:7)
2026-07-13 13:13:18 error: AggregateError [ECONNREFUSED]: 
    at internalConnectMultiple (node:net:1139:18)
    at afterConnectMultiple (node:net:1714:7)
2026-07-13 13:13:20 error: AggregateError [ECONNREFUSED]: 
    at internalConnectMultiple (node:net:1139:18)
    at afterConnectMultiple (node:net:1714:7)
2026-07-13 13:13:22 error: AggregateError [ECONNREFUSED]: 
    at internalConnectMultiple (node:net:1139:18)
    at afterConnectMultiple (node:net:1714:7)
2026-07-13 13:13:24 error: AggregateError [ECONNREFUSED]: 
    at internalConnectMultiple (node:net:1139:18)
    at afterConnectMultiple (node:net:1714:7)
2026-07-13 13:13:26 error: AggregateError [ECONNREFUSED]: 
    at internalConnectMultiple (node:net:1139:18)
    at afterConnectMultiple (node:net:1714:7)
2026-07-13 13:13:28 error: AggregateError [ECONNREFUSED]: 
    at internalConnectMultiple (node:net:1139:18)
    at afterConnectMultiple (node:net:1714:7)
2026-07-13 13:13:30 error: AggregateError [ECONNREFUSED]: 
    at internalConnectMultiple (node:net:1139:18)
    at afterConnectMultiple (node:net:1714:7)
2026-07-13 13:13:32 error: AggregateError [ECONNREFUSED]: 
    at internalConnectMultiple (node:net:1139:18)
    at afterConnectMultiple (node:net:1714:7)
2026-07-13 13:13:34 error: AggregateError [ECONNREFUSED]: 
    at internalConnectMultiple (node:net:1139:18)
    at afterConnectMultiple (node:net:1714:7)
2026-07-13 13:13:36 error: AggregateError [ECONNREFUSED]: 
    at internalConnectMultiple (node:net:1139:18)
    at afterConnectMultiple (node:net:1714:7)
2026-07-13 13:13:38 error: AggregateError [ECONNREFUSED]: 
    at internalConnectMultiple (node:net:1139:18)
    at afterConnectMultiple (node:net:1714:7)
2026-07-13 13:13:40 error: AggregateError [ECONNREFUSED]: 
    at internalConnectMultiple (node:net:1139:18)
    at afterConnectMultiple (node:net:1714:7)
2026-07-13 13:13:42 error: AggregateError [ECONNREFUSED]: 
    at internalConnectMultiple (node:net:1139:18)
    at afterConnectMultiple (node:net:1714:7)
2026-07-13 13:13:44 error: AggregateError [ECONNREFUSED]: 
    at internalConnectMultiple (node:net:1139:18)
    at afterConnectMultiple (node:net:1714:7)
2026-07-13 13:13:46 error: AggregateError [ECONNREFUSED]: 
    at internalConnectMultiple (node:net:1139:18)
    at afterConnectMultiple (node:net:1714:7)
2026-07-13 13:13:48 error: AggregateError [ECONNREFUSED]: 
    at internalConnectMultiple (node:net:1139:18)
    at afterConnectMultiple (node:net:1714:7)
2026-07-13 13:13:50 error: AggregateError [ECONNREFUSED]: 
    at internalConnectMultiple (node:net:1139:18)
    at afterConnectMultiple (node:net:1714:7)
2026-07-13 13:13:52 error: AggregateError [ECONNREFUSED]: 
    at internalConnectMultiple (node:net:1139:18)
    at afterConnectMultiple (node:net:1714:7)
2026-07-13 13:13:54 error: AggregateError [ECONNREFUSED]: 
    at internalConnectMultiple (node:net:1139:18)
    at afterConnectMultiple (node:net:1714:7)
2026-07-13 13:13:56 error: AggregateError [ECONNREFUSED]: 
    at internalConnectMultiple (node:net:1139:18)
    at afterConnectMultiple (node:net:1714:7)
2026-07-13 13:13:58 error: AggregateError [ECONNREFUSED]: 
    at internalConnectMultiple (node:net:1139:18)
    at afterConnectMultiple (node:net:1714:7)
2026-07-13 13:14:00 error: AggregateError [ECONNREFUSED]: 
    at internalConnectMultiple (node:net:1139:18)
    at afterConnectMultiple (node:net:1714:7)
2026-07-13 13:14:02 error: AggregateError [ECONNREFUSED]: 
    at internalConnectMultiple (node:net:1139:18)
    at afterConnectMultiple (node:net:1714:7)
2026-07-13 13:14:04 error: AggregateError [ECONNREFUSED]: 
    at internalConnectMultiple (node:net:1139:18)
    at afterConnectMultiple (node:net:1714:7)
2026-07-13 13:14:06 error: AggregateError [ECONNREFUSED]: 
    at internalConnectMultiple (node:net:1139:18)
    at afterConnectMultiple (node:net:1714:7)
2026-07-13 13:14:08 error: AggregateError [ECONNREFUSED]: 
    at internalConnectMultiple (node:net:1139:18)
    at afterConnectMultiple (node:net:1714:7)
2026-07-13 13:14:10 error: AggregateError [ECONNREFUSED]: 
    at internalConnectMultiple (node:net:1139:18)
    at afterConnectMultiple (node:net:1714:7)
2026-07-13 13:14:12 error: AggregateError [ECONNREFUSED]: 
    at internalConnectMultiple (node:net:1139:18)
    at afterConnectMultiple (node:net:1714:7)
2026-07-13 13:14:14 error: AggregateError [ECONNREFUSED]: 
    at internalConnectMultiple (node:net:1139:18)
    at afterConnectMultiple (node:net:1714:7)
2026-07-13 13:14:16 error: AggregateError [ECONNREFUSED]: 
    at internalConnectMultiple (node:net:1139:18)
    at afterConnectMultiple (node:net:1714:7)
2026-07-13 13:14:19 error: AggregateError [ECONNREFUSED]: 
    at internalConnectMultiple (node:net:1139:18)
    at afterConnectMultiple (node:net:1714:7)
2026-07-13 13:14:21 error: AggregateError [ECONNREFUSED]: 
    at internalConnectMultiple (node:net:1139:18)
    at afterConnectMultiple (node:net:1714:7)
2026-07-13 13:14:23 error: AggregateError [ECONNREFUSED]: 
    at internalConnectMultiple (node:net:1139:18)
    at afterConnectMultiple (node:net:1714:7)
2026-07-13 13:14:25 error: AggregateError [ECONNREFUSED]: 
    at internalConnectMultiple (node:net:1139:18)
    at afterConnectMultiple (node:net:1714:7)
2026-07-13 13:14:27 error: AggregateError [ECONNREFUSED]: 
    at internalConnectMultiple (node:net:1139:18)
    at afterConnectMultiple (node:net:1714:7)
2026-07-13 13:14:29 error: AggregateError [ECONNREFUSED]: 
    at internalConnectMultiple (node:net:1139:18)
    at afterConnectMultiple (node:net:1714:7)
2026-07-13 13:14:31 error: AggregateError [ECONNREFUSED]: 
    at internalConnectMultiple (node:net:1139:18)
    at afterConnectMultiple (node:net:1714:7)
2026-07-13 13:14:33 error: AggregateError [ECONNREFUSED]: 
    at internalConnectMultiple (node:net:1139:18)
    at afterConnectMultiple (node:net:1714:7)
2026-07-13 13:14:35 error: AggregateError [ECONNREFUSED]: 
    at internalConnectMultiple (node:net:1139:18)
    at afterConnectMultiple (node:net:1714:7)
2026-07-13 13:14:37 error: AggregateError [ECONNREFUSED]: 
    at internalConnectMultiple (node:net:1139:18)
    at afterConnectMultiple (node:net:1714:7)
2026-07-13 13:14:39 error: AggregateError [ECONNREFUSED]: 
    at internalConnectMultiple (node:net:1139:18)
    at afterConnectMultiple (node:net:1714:7)
2026-07-13 13:14:41 error: AggregateError [ECONNREFUSED]: 
    at internalConnectMultiple (node:net:1139:18)
    at afterConnectMultiple (node:net:1714:7)
2026-07-13 13:14:43 error: AggregateError [ECONNREFUSED]: 
    at internalConnectMultiple (node:net:1139:18)
    at afterConnectMultiple (node:net:1714:7)
2026-07-13 13:14:45 error: AggregateError [ECONNREFUSED]: 
    at internalConnectMultiple (node:net:1139:18)
    at afterConnectMultiple (node:net:1714:7)
2026-07-13 13:14:47 error: AggregateError [ECONNREFUSED]: 
    at internalConnectMultiple (node:net:1139:18)
    at afterConnectMultiple (node:net:1714:7)
2026-07-13 13:14:49 error: AggregateError [ECONNREFUSED]: 
    at internalConnectMultiple (node:net:1139:18)
    at afterConnectMultiple (node:net:1714:7)
2026-07-13 13:14:51 error: AggregateError [ECONNREFUSED]: 
    at internalConnectMultiple (node:net:1139:18)
    at afterConnectMultiple (node:net:1714:7)
2026-07-13 13:14:53 error: AggregateError [ECONNREFUSED]: 
    at internalConnectMultiple (node:net:1139:18)
    at afterConnectMultiple (node:net:1714:7)
2026-07-13 13:14:55 error: AggregateError [ECONNREFUSED]: 
    at internalConnectMultiple (node:net:1139:18)
    at afterConnectMultiple (node:net:1714:7)
2026-07-13 13:14:57 error: AggregateError [ECONNREFUSED]: 
    at internalConnectMultiple (node:net:1139:18)
    at afterConnectMultiple (node:net:1714:7)
2026-07-13 13:14:59 error: AggregateError [ECONNREFUSED]: 
    at internalConnectMultiple (node:net:1139:18)
    at afterConnectMultiple (node:net:1714:7)
2026-07-13 13:15:01 error: AggregateError [ECONNREFUSED]: 
    at internalConnectMultiple (node:net:1139:18)
    at afterConnectMultiple (node:net:1714:7)
2026-07-13 13:15:03 error: AggregateError [ECONNREFUSED]: 
    at internalConnectMultiple (node:net:1139:18)
    at afterConnectMultiple (node:net:1714:7)
2026-07-13 13:15:05 error: AggregateError [ECONNREFUSED]: 
    at internalConnectMultiple (node:net:1139:18)
    at afterConnectMultiple (node:net:1714:7)
2026-07-13 13:15:07 error: AggregateError [ECONNREFUSED]: 
    at internalConnectMultiple (node:net:1139:18)
    at afterConnectMultiple (node:net:1714:7)
2026-07-13 13:15:09 error: AggregateError [ECONNREFUSED]: 
    at internalConnectMultiple (node:net:1139:18)
    at afterConnectMultiple (node:net:1714:7)
2026-07-13 13:15:11 error: AggregateError [ECONNREFUSED]: 
    at internalConnectMultiple (node:net:1139:18)
    at afterConnectMultiple (node:net:1714:7)
2026-07-13 13:15:13 error: AggregateError [ECONNREFUSED]: 
    at internalConnectMultiple (node:net:1139:18)
    at afterConnectMultiple (node:net:1714:7)
2026-07-13 13:15:15 error: AggregateError [ECONNREFUSED]: 
    at internalConnectMultiple (node:net:1139:18)
    at afterConnectMultiple (node:net:1714:7)
2026-07-13 13:15:17 error: AggregateError [ECONNREFUSED]: 
    at internalConnectMultiple (node:net:1139:18)
    at afterConnectMultiple (node:net:1714:7)
2026-07-13 13:15:19 error: AggregateError [ECONNREFUSED]: 
    at internalConnectMultiple (node:net:1139:18)
    at afterConnectMultiple (node:net:1714:7)
2026-07-13 13:15:21 error: AggregateError [ECONNREFUSED]: 
    at internalConnectMultiple (node:net:1139:18)
    at afterConnectMultiple (node:net:1714:7)
2026-07-13 13:15:23 error: AggregateError [ECONNREFUSED]: 
    at internalConnectMultiple (node:net:1139:18)
    at afterConnectMultiple (node:net:1714:7)
2026-07-13 13:15:25 error: AggregateError [ECONNREFUSED]: 
    at internalConnectMultiple (node:net:1139:18)
    at afterConnectMultiple (node:net:1714:7)
2026-07-13 13:15:27 error: AggregateError [ECONNREFUSED]: 
    at internalConnectMultiple (node:net:1139:18)
    at afterConnectMultiple (node:net:1714:7)
2026-07-13 13:15:29 error: AggregateError [ECONNREFUSED]: 
    at internalConnectMultiple (node:net:1139:18)
    at afterConnectMultiple (node:net:1714:7)
2026-07-13 13:15:31 error: AggregateError [ECONNREFUSED]: 
    at internalConnectMultiple (node:net:1139:18)
    at afterConnectMultiple (node:net:1714:7)
2026-07-13 13:15:33 error: AggregateError [ECONNREFUSED]: 
    at internalConnectMultiple (node:net:1139:18)
    at afterConnectMultiple (node:net:1714:7)
2026-07-13 13:15:35 error: AggregateError [ECONNREFUSED]: 
    at internalConnectMultiple (node:net:1139:18)
    at afterConnectMultiple (node:net:1714:7)
2026-07-13 13:15:37 error: AggregateError [ECONNREFUSED]: 
    at internalConnectMultiple (node:net:1139:18)
    at afterConnectMultiple (node:net:1714:7)
2026-07-13 13:15:39 error: AggregateError [ECONNREFUSED]: 
    at internalConnectMultiple (node:net:1139:18)
    at afterConnectMultiple (node:net:1714:7)
2026-07-13 13:15:41 error: AggregateError [ECONNREFUSED]: 
    at internalConnectMultiple (node:net:1139:18)
    at afterConnectMultiple (node:net:1714:7)
2026-07-13 13:15:43 error: AggregateError [ECONNREFUSED]: 
    at internalConnectMultiple (node:net:1139:18)
    at afterConnectMultiple (node:net:1714:7)
2026-07-13 13:15:45 error: AggregateError [ECONNREFUSED]: 
    at internalConnectMultiple (node:net:1139:18)
    at afterConnectMultiple (node:net:1714:7)
2026-07-13 13:15:47 error: AggregateError [ECONNREFUSED]: 
    at internalConnectMultiple (node:net:1139:18)
    at afterConnectMultiple (node:net:1714:7)
2026-07-13 13:15:49 error: AggregateError [ECONNREFUSED]: 
    at internalConnectMultiple (node:net:1139:18)
    at afterConnectMultiple (node:net:1714:7)
2026-07-13 13:15:51 error: AggregateError [ECONNREFUSED]: 
    at internalConnectMultiple (node:net:1139:18)
    at afterConnectMultiple (node:net:1714:7)
2026-07-13 13:15:53 error: AggregateError [ECONNREFUSED]: 
    at internalConnectMultiple (node:net:1139:18)
    at afterConnectMultiple (node:net:1714:7)
2026-07-13 13:15:55 error: AggregateError [ECONNREFUSED]: 
    at internalConnectMultiple (node:net:1139:18)
    at afterConnectMultiple (node:net:1714:7)
2026-07-13 13:15:57 error: AggregateError [ECONNREFUSED]: 
    at internalConnectMultiple (node:net:1139:18)
    at afterConnectMultiple (node:net:1714:7)
2026-07-13 13:15:59 error: AggregateError [ECONNREFUSED]: 
    at internalConnectMultiple (node:net:1139:18)
    at afterConnectMultiple (node:net:1714:7)
2026-07-13 13:16:01 error: AggregateError [ECONNREFUSED]: 
    at internalConnectMultiple (node:net:1139:18)
    at afterConnectMultiple (node:net:1714:7)
2026-07-13 13:16:03 error: AggregateError [ECONNREFUSED]: 
    at internalConnectMultiple (node:net:1139:18)
    at afterConnectMultiple (node:net:1714:7)
2026-07-13 13:16:05 error: AggregateError [ECONNREFUSED]: 
    at internalConnectMultiple (node:net:1139:18)
    at afterConnectMultiple (node:net:1714:7)
2026-07-13 13:16:07 error: AggregateError [ECONNREFUSED]: 
    at internalConnectMultiple (node:net:1139:18)
    at afterConnectMultiple (node:net:1714:7)
2026-07-13 13:16:09 error: AggregateError [ECONNREFUSED]: 
    at internalConnectMultiple (node:net:1139:18)
    at afterConnectMultiple (node:net:1714:7)
2026-07-13 13:16:11 error: AggregateError [ECONNREFUSED]: 
    at internalConnectMultiple (node:net:1139:18)
    at afterConnectMultiple (node:net:1714:7)
2026-07-13 13:16:13 error: AggregateError [ECONNREFUSED]: 
    at internalConnectMultiple (node:net:1139:18)
    at afterConnectMultiple (node:net:1714:7)
2026-07-13 13:16:15 error: AggregateError [ECONNREFUSED]: 
    at internalConnectMultiple (node:net:1139:18)
    at afterConnectMultiple (node:net:1714:7)
2026-07-13 13:16:17 error: AggregateError [ECONNREFUSED]: 
    at internalConnectMultiple (node:net:1139:18)
    at afterConnectMultiple (node:net:1714:7)
2026-07-13 13:16:19 error: AggregateError [ECONNREFUSED]: 
    at internalConnectMultiple (node:net:1139:18)
    at afterConnectMultiple (node:net:1714:7)
2026-07-13 13:16:21 error: AggregateError [ECONNREFUSED]: 
    at internalConnectMultiple (node:net:1139:18)
    at afterConnectMultiple (node:net:1714:7)
2026-07-13 13:16:23 error: AggregateError [ECONNREFUSED]: 
    at internalConnectMultiple (node:net:1139:18)
    at afterConnectMultiple (node:net:1714:7)
2026-07-13 13:16:25 error: AggregateError [ECONNREFUSED]: 
    at internalConnectMultiple (node:net:1139:18)
    at afterConnectMultiple (node:net:1714:7)
2026-07-13 13:16:27 error: AggregateError [ECONNREFUSED]: 
    at internalConnectMultiple (node:net:1139:18)
    at afterConnectMultiple (node:net:1714:7)
2026-07-13 13:16:29 error: AggregateError [ECONNREFUSED]: 
    at internalConnectMultiple (node:net:1139:18)
    at afterConnectMultiple (node:net:1714:7)
2026-07-13 13:16:31 error: AggregateError [ECONNREFUSED]: 
    at internalConnectMultiple (node:net:1139:18)
    at afterConnectMultiple (node:net:1714:7)
2026-07-13 13:16:33 error: AggregateError [ECONNREFUSED]: 
    at internalConnectMultiple (node:net:1139:18)
    at afterConnectMultiple (node:net:1714:7)
2026-07-13 13:16:35 error: AggregateError [ECONNREFUSED]: 
    at internalConnectMultiple (node:net:1139:18)
    at afterConnectMultiple (node:net:1714:7)
2026-07-13 13:16:37 error: AggregateError [ECONNREFUSED]: 
    at internalConnectMultiple (node:net:1139:18)
    at afterConnectMultiple (node:net:1714:7)
2026-07-13 13:16:39 error: AggregateError [ECONNREFUSED]: 
    at internalConnectMultiple (node:net:1139:18)
    at afterConnectMultiple (node:net:1714:7)
2026-07-13 13:16:41 error: AggregateError [ECONNREFUSED]: 
    at internalConnectMultiple (node:net:1139:18)
    at afterConnectMultiple (node:net:1714:7)
2026-07-13 13:16:43 error: AggregateError [ECONNREFUSED]: 
    at internalConnectMultiple (node:net:1139:18)
    at afterConnectMultiple (node:net:1714:7)
2026-07-13 13:16:45 error: AggregateError [ECONNREFUSED]: 
    at internalConnectMultiple (node:net:1139:18)
    at afterConnectMultiple (node:net:1714:7)
2026-07-13 13:16:47 error: AggregateError [ECONNREFUSED]: 
    at internalConnectMultiple (node:net:1139:18)
    at afterConnectMultiple (node:net:1714:7)
2026-07-13 13:16:49 error: AggregateError [ECONNREFUSED]: 
    at internalConnectMultiple (node:net:1139:18)
    at afterConnectMultiple (node:net:1714:7)
2026-07-13 13:16:51 error: AggregateError [ECONNREFUSED]: 
    at internalConnectMultiple (node:net:1139:18)
    at afterConnectMultiple (node:net:1714:7)
2026-07-13 13:16:53 error: AggregateError [ECONNREFUSED]: 
    at internalConnectMultiple (node:net:1139:18)
    at afterConnectMultiple (node:net:1714:7)
2026-07-13 13:16:56 error: AggregateError [ECONNREFUSED]: 
    at internalConnectMultiple (node:net:1139:18)
    at afterConnectMultiple (node:net:1714:7)
2026-07-13 13:16:58 error: AggregateError [ECONNREFUSED]: 
    at internalConnectMultiple (node:net:1139:18)
    at afterConnectMultiple (node:net:1714:7)
2026-07-13 13:17:00 error: AggregateError [ECONNREFUSED]: 
    at internalConnectMultiple (node:net:1139:18)
    at afterConnectMultiple (node:net:1714:7)
2026-07-13 13:17:02 error: AggregateError [ECONNREFUSED]: 
    at internalConnectMultiple (node:net:1139:18)
    at afterConnectMultiple (node:net:1714:7)
2026-07-13 13:17:04 error: AggregateError [ECONNREFUSED]: 
    at internalConnectMultiple (node:net:1139:18)
    at afterConnectMultiple (node:net:1714:7)
2026-07-13 13:17:06 error: AggregateError [ECONNREFUSED]: 
    at internalConnectMultiple (node:net:1139:18)
    at afterConnectMultiple (node:net:1714:7)
2026-07-13 13:17:08 error: AggregateError [ECONNREFUSED]: 
    at internalConnectMultiple (node:net:1139:18)
    at afterConnectMultiple (node:net:1714:7)
2026-07-13 13:17:10 error: AggregateError [ECONNREFUSED]: 
    at internalConnectMultiple (node:net:1139:18)
    at afterConnectMultiple (node:net:1714:7)
2026-07-13 13:17:12 error: AggregateError [ECONNREFUSED]: 
    at internalConnectMultiple (node:net:1139:18)
    at afterConnectMultiple (node:net:1714:7)
2026-07-13 13:17:14 error: AggregateError [ECONNREFUSED]: 
    at internalConnectMultiple (node:net:1139:18)
    at afterConnectMultiple (node:net:1714:7)
2026-07-13 13:17:16 error: AggregateError [ECONNREFUSED]: 
    at internalConnectMultiple (node:net:1139:18)
    at afterConnectMultiple (node:net:1714:7)
2026-07-13 13:17:18 error: AggregateError [ECONNREFUSED]: 
    at internalConnectMultiple (node:net:1139:18)
    at afterConnectMultiple (node:net:1714:7)
2026-07-13 13:17:20 error: AggregateError [ECONNREFUSED]: 
    at internalConnectMultiple (node:net:1139:18)
    at afterConnectMultiple (node:net:1714:7)
2026-07-13 13:17:22 error: AggregateError [ECONNREFUSED]: 
    at internalConnectMultiple (node:net:1139:18)
    at afterConnectMultiple (node:net:1714:7)
2026-07-13 13:17:24 error: AggregateError [ECONNREFUSED]: 
    at internalConnectMultiple (node:net:1139:18)
    at afterConnectMultiple (node:net:1714:7)
2026-07-13 13:17:26 error: AggregateError [ECONNREFUSED]: 
    at internalConnectMultiple (node:net:1139:18)
    at afterConnectMultiple (node:net:1714:7)
2026-07-13 13:17:28 error: AggregateError [ECONNREFUSED]: 
    at internalConnectMultiple (node:net:1139:18)
    at afterConnectMultiple (node:net:1714:7)
2026-07-13 13:17:30 error: AggregateError [ECONNREFUSED]: 
    at internalConnectMultiple (node:net:1139:18)
    at afterConnectMultiple (node:net:1714:7)
2026-07-13 13:17:32 error: AggregateError [ECONNREFUSED]: 
    at internalConnectMultiple (node:net:1139:18)
    at afterConnectMultiple (node:net:1714:7)
2026-07-13 13:17:34 error: AggregateError [ECONNREFUSED]: 
    at internalConnectMultiple (node:net:1139:18)
    at afterConnectMultiple (node:net:1714:7)
2026-07-13 13:17:36 error: AggregateError [ECONNREFUSED]: 
    at internalConnectMultiple (node:net:1139:18)
    at afterConnectMultiple (node:net:1714:7)
2026-07-13 13:17:38 error: AggregateError [ECONNREFUSED]: 
    at internalConnectMultiple (node:net:1139:18)
    at afterConnectMultiple (node:net:1714:7)
2026-07-13 13:17:40 error: AggregateError [ECONNREFUSED]: 
    at internalConnectMultiple (node:net:1139:18)
    at afterConnectMultiple (node:net:1714:7)
2026-07-13 13:17:42 error: AggregateError [ECONNREFUSED]: 
    at internalConnectMultiple (node:net:1139:18)
    at afterConnectMultiple (node:net:1714:7)
2026-07-13 13:17:44 error: AggregateError [ECONNREFUSED]: 
    at internalConnectMultiple (node:net:1139:18)
    at afterConnectMultiple (node:net:1714:7)
2026-07-13 13:17:46 error: AggregateError [ECONNREFUSED]: 
    at internalConnectMultiple (node:net:1139:18)
    at afterConnectMultiple (node:net:1714:7)
2026-07-13 13:17:48 error: AggregateError [ECONNREFUSED]: 
    at internalConnectMultiple (node:net:1139:18)
    at afterConnectMultiple (node:net:1714:7)
2026-07-13 13:17:50 error: AggregateError [ECONNREFUSED]: 
    at internalConnectMultiple (node:net:1139:18)
    at afterConnectMultiple (node:net:1714:7)
2026-07-13 13:17:52 error: AggregateError [ECONNREFUSED]: 
    at internalConnectMultiple (node:net:1139:18)
    at afterConnectMultiple (node:net:1714:7)
2026-07-13 13:17:54 error: AggregateError [ECONNREFUSED]: 
    at internalConnectMultiple (node:net:1139:18)
    at afterConnectMultiple (node:net:1714:7)
2026-07-13 13:17:56 error: AggregateError [ECONNREFUSED]: 
    at internalConnectMultiple (node:net:1139:18)
    at afterConnectMultiple (node:net:1714:7)
2026-07-13 13:17:58 error: AggregateError [ECONNREFUSED]: 
    at internalConnectMultiple (node:net:1139:18)
    at afterConnectMultiple (node:net:1714:7)
2026-07-13 13:18:00 error: AggregateError [ECONNREFUSED]: 
    at internalConnectMultiple (node:net:1139:18)
    at afterConnectMultiple (node:net:1714:7)
2026-07-13 13:18:02 error: AggregateError [ECONNREFUSED]: 
    at internalConnectMultiple (node:net:1139:18)
    at afterConnectMultiple (node:net:1714:7)
2026-07-13 13:18:04 error: AggregateError [ECONNREFUSED]: 
    at internalConnectMultiple (node:net:1139:18)
    at afterConnectMultiple (node:net:1714:7)
2026-07-13 13:18:06 error: AggregateError [ECONNREFUSED]: 
    at internalConnectMultiple (node:net:1139:18)
    at afterConnectMultiple (node:net:1714:7)
2026-07-13 13:18:08 error: AggregateError [ECONNREFUSED]: 
    at internalConnectMultiple (node:net:1139:18)
    at afterConnectMultiple (node:net:1714:7)
2026-07-13 13:18:10 error: AggregateError [ECONNREFUSED]: 
    at internalConnectMultiple (node:net:1139:18)
    at afterConnectMultiple (node:net:1714:7)
2026-07-13 13:18:12 error: AggregateError [ECONNREFUSED]: 
    at internalConnectMultiple (node:net:1139:18)
    at afterConnectMultiple (node:net:1714:7)
2026-07-13 13:18:14 error: AggregateError [ECONNREFUSED]: 
    at internalConnectMultiple (node:net:1139:18)
    at afterConnectMultiple (node:net:1714:7)
2026-07-13 13:18:16 error: AggregateError [ECONNREFUSED]: 
    at internalConnectMultiple (node:net:1139:18)
    at afterConnectMultiple (node:net:1714:7)
2026-07-13 13:18:18 error: AggregateError [ECONNREFUSED]: 
    at internalConnectMultiple (node:net:1139:18)
    at afterConnectMultiple (node:net:1714:7)
2026-07-13 13:18:20 error: AggregateError [ECONNREFUSED]: 
    at internalConnectMultiple (node:net:1139:18)
    at afterConnectMultiple (node:net:1714:7)
2026-07-13 13:18:22 error: AggregateError [ECONNREFUSED]: 
    at internalConnectMultiple (node:net:1139:18)
    at afterConnectMultiple (node:net:1714:7)
2026-07-13 13:18:24 error: AggregateError [ECONNREFUSED]: 
    at internalConnectMultiple (node:net:1139:18)
    at afterConnectMultiple (node:net:1714:7)
2026-07-13 13:18:26 error: AggregateError [ECONNREFUSED]: 
    at internalConnectMultiple (node:net:1139:18)
    at afterConnectMultiple (node:net:1714:7)
2026-07-13 13:18:28 error: AggregateError [ECONNREFUSED]: 
    at internalConnectMultiple (node:net:1139:18)
    at afterConnectMultiple (node:net:1714:7)
2026-07-13 13:18:30 error: AggregateError [ECONNREFUSED]: 
    at internalConnectMultiple (node:net:1139:18)
    at afterConnectMultiple (node:net:1714:7)
2026-07-14 10:22:11 error: MongoServerSelectionError: getaddrinfo ENOTFOUND ac-sk1pioz-shard-00-01.giocrh7.mongodb.net
    at Topology.selectServer (C:\Users\Asus\OneDrive\Desktop\cineflix\backend\booking-service\node_modules\mongodb\lib\sdam\topology.js:348:38)
    at async executeOperationWithRetries (C:\Users\Asus\OneDrive\Desktop\cineflix\backend\booking-service\node_modules\mongodb\lib\operations\execute_operation.js:260:22)
    at async executeOperation (C:\Users\Asus\OneDrive\Desktop\cineflix\backend\booking-service\node_modules\mongodb\lib\operations\execute_operation.js:83:16)
    at async Collection.insertOne (C:\Users\Asus\OneDrive\Desktop\cineflix\backend\booking-service\node_modules\mongodb\lib\collection.js:154:16)
    at async model.$__save (C:\Users\Asus\OneDrive\Desktop\cineflix\backend\booking-service\node_modules\mongoose\lib\model.js:428:16)
    at async model.save (C:\Users\Asus\OneDrive\Desktop\cineflix\backend\booking-service\node_modules\mongoose\lib\model.js:667:5)
    at async Function.create (C:\Users\Asus\OneDrive\Desktop\cineflix\backend\booking-service\node_modules\mongoose\lib\model.js:2747:5)
    at async createShow (file:///C:/Users/Asus/OneDrive/Desktop/cineflix/backend/booking-service/src/controllers/showController.js:28:34)
2026-07-14 10:33:48 error: AggregateError [ECONNREFUSED]: 
    at internalConnectMultiple (node:net:1139:18)
    at afterConnectMultiple (node:net:1714:7)
2026-07-14 10:33:48 error: AggregateError [ECONNREFUSED]: 
    at internalConnectMultiple (node:net:1139:18)
    at afterConnectMultiple (node:net:1714:7)
2026-07-14 10:33:49 error: AggregateError [ECONNREFUSED]: 
    at internalConnectMultiple (node:net:1139:18)
    at afterConnectMultiple (node:net:1714:7)
2026-07-14 10:33:49 error: AggregateError [ECONNREFUSED]: 
    at internalConnectMultiple (node:net:1139:18)
    at afterConnectMultiple (node:net:1714:7)
2026-07-14 10:33:49 error: AggregateError [ECONNREFUSED]: 
    at internalConnectMultiple (node:net:1139:18)
    at afterConnectMultiple (node:net:1714:7)
2026-07-14 10:33:49 error: AggregateError [ECONNREFUSED]: 
    at internalConnectMultiple (node:net:1139:18)
    at afterConnectMultiple (node:net:1714:7)
2026-07-14 10:33:50 error: AggregateError [ECONNREFUSED]: 
    at internalConnectMultiple (node:net:1139:18)
    at afterConnectMultiple (node:net:1714:7)
2026-07-14 10:33:50 error: AggregateError [ECONNREFUSED]: 
    at internalConnectMultiple (node:net:1139:18)
    at afterConnectMultiple (node:net:1714:7)
2026-07-14 10:33:50 error: AggregateError [ECONNREFUSED]: 
    at internalConnectMultiple (node:net:1139:18)
    at afterConnectMultiple (node:net:1714:7)
2026-07-14 10:33:51 error: AggregateError [ECONNREFUSED]: 
    at internalConnectMultiple (node:net:1139:18)
    at afterConnectMultiple (node:net:1714:7)
2026-07-14 10:33:51 error: AggregateError [ECONNREFUSED]: 
    at internalConnectMultiple (node:net:1139:18)
    at afterConnectMultiple (node:net:1714:7)
2026-07-14 10:33:52 error: AggregateError [ECONNREFUSED]: 
    at internalConnectMultiple (node:net:1139:18)
    at afterConnectMultiple (node:net:1714:7)
2026-07-14 10:33:52 error: AggregateError [ECONNREFUSED]: 
    at internalConnectMultiple (node:net:1139:18)
    at afterConnectMultiple (node:net:1714:7)
2026-07-14 10:33:53 error: AggregateError [ECONNREFUSED]: 
    at internalConnectMultiple (node:net:1139:18)
    at afterConnectMultiple (node:net:1714:7)
2026-07-14 10:33:54 error: AggregateError [ECONNREFUSED]: 
    at internalConnectMultiple (node:net:1139:18)
    at afterConnectMultiple (node:net:1714:7)
2026-07-14 10:33:55 error: AggregateError [ECONNREFUSED]: 
    at internalConnectMultiple (node:net:1139:18)
    at afterConnectMultiple (node:net:1714:7)
2026-07-14 10:33:55 error: AggregateError [ECONNREFUSED]: 
    at internalConnectMultiple (node:net:1139:18)
    at afterConnectMultiple (node:net:1714:7)
2026-07-14 10:33:56 error: AggregateError [ECONNREFUSED]: 
    at internalConnectMultiple (node:net:1139:18)
    at afterConnectMultiple (node:net:1714:7)
2026-07-14 10:33:57 error: AggregateError [ECONNREFUSED]: 
    at internalConnectMultiple (node:net:1139:18)
    at afterConnectMultiple (node:net:1714:7)
2026-07-14 10:33:58 error: AggregateError [ECONNREFUSED]: 
    at internalConnectMultiple (node:net:1139:18)
    at afterConnectMultiple (node:net:1714:7)
2026-07-14 10:33:59 error: AggregateError [ECONNREFUSED]: 
    at internalConnectMultiple (node:net:1139:18)
    at afterConnectMultiple (node:net:1714:7)
2026-07-14 10:34:00 error: AggregateError [ECONNREFUSED]: 
    at internalConnectMultiple (node:net:1139:18)
    at afterConnectMultiple (node:net:1714:7)
2026-07-14 10:34:01 error: AggregateError [ECONNREFUSED]: 
    at internalConnectMultiple (node:net:1139:18)
    at afterConnectMultiple (node:net:1714:7)
2026-07-14 10:34:02 error: AggregateError [ECONNREFUSED]: 
    at internalConnectMultiple (node:net:1139:18)
    at afterConnectMultiple (node:net:1714:7)
2026-07-14 10:34:04 error: AggregateError [ECONNREFUSED]: 
    at internalConnectMultiple (node:net:1139:18)
    at afterConnectMultiple (node:net:1714:7)
2026-07-14 10:34:05 error: AggregateError [ECONNREFUSED]: 
    at internalConnectMultiple (node:net:1139:18)
    at afterConnectMultiple (node:net:1714:7)
2026-07-14 10:34:06 error: AggregateError [ECONNREFUSED]: 
    at internalConnectMultiple (node:net:1139:18)
    at afterConnectMultiple (node:net:1714:7)
2026-07-14 10:34:08 error: AggregateError [ECONNREFUSED]: 
    at internalConnectMultiple (node:net:1139:18)
    at afterConnectMultiple (node:net:1714:7)
2026-07-14 10:34:09 error: AggregateError [ECONNREFUSED]: 
    at internalConnectMultiple (node:net:1139:18)
    at afterConnectMultiple (node:net:1714:7)
2026-07-14 10:34:11 error: AggregateError [ECONNREFUSED]: 
    at internalConnectMultiple (node:net:1139:18)
    at afterConnectMultiple (node:net:1714:7)
2026-07-14 10:34:12 error: AggregateError [ECONNREFUSED]: 
    at internalConnectMultiple (node:net:1139:18)
    at afterConnectMultiple (node:net:1714:7)
2026-07-14 10:34:14 error: AggregateError [ECONNREFUSED]: 
    at internalConnectMultiple (node:net:1139:18)
    at afterConnectMultiple (node:net:1714:7)
2026-07-14 10:34:15 error: AggregateError [ECONNREFUSED]: 
    at internalConnectMultiple (node:net:1139:18)
    at afterConnectMultiple (node:net:1714:7)
2026-07-14 10:34:17 error: AggregateError [ECONNREFUSED]: 
    at internalConnectMultiple (node:net:1139:18)
    at afterConnectMultiple (node:net:1714:7)
2026-07-14 10:34:19 error: AggregateError [ECONNREFUSED]: 
    at internalConnectMultiple (node:net:1139:18)
    at afterConnectMultiple (node:net:1714:7)
2026-07-14 10:34:20 error: AggregateError [ECONNREFUSED]: 
    at internalConnectMultiple (node:net:1139:18)
    at afterConnectMultiple (node:net:1714:7)
2026-07-14 10:34:22 error: AggregateError [ECONNREFUSED]: 
    at internalConnectMultiple (node:net:1139:18)
    at afterConnectMultiple (node:net:1714:7)
2026-07-14 10:34:24 error: AggregateError [ECONNREFUSED]: 
    at internalConnectMultiple (node:net:1139:18)
    at afterConnectMultiple (node:net:1714:7)
2026-07-14 10:34:26 error: AggregateError [ECONNREFUSED]: 
    at internalConnectMultiple (node:net:1139:18)
    at afterConnectMultiple (node:net:1714:7)
2026-07-14 10:34:28 error: AggregateError [ECONNREFUSED]: 
    at internalConnectMultiple (node:net:1139:18)
    at afterConnectMultiple (node:net:1714:7)
2026-07-14 10:34:30 error: AggregateError [ECONNREFUSED]: 
    at internalConnectMultiple (node:net:1139:18)
    at afterConnectMultiple (node:net:1714:7)
2026-07-14 10:34:32 error: AggregateError [ECONNREFUSED]: 
    at internalConnectMultiple (node:net:1139:18)
    at afterConnectMultiple (node:net:1714:7)
2026-07-14 10:34:34 error: AggregateError [ECONNREFUSED]: 
    at internalConnectMultiple (node:net:1139:18)
    at afterConnectMultiple (node:net:1714:7)
2026-07-14 10:34:36 error: AggregateError [ECONNREFUSED]: 
    at internalConnectMultiple (node:net:1139:18)
    at afterConnectMultiple (node:net:1714:7)
2026-07-14 10:34:38 error: AggregateError [ECONNREFUSED]: 
    at internalConnectMultiple (node:net:1139:18)
    at afterConnectMultiple (node:net:1714:7)
2026-07-18 11:43:00 error: TypeError: Converting circular structure to JSON
    --> starting at object with constructor 'MongoClient'
    |     property 's' -> object with constructor 'Object'
    |     property 'sessionPool' -> object with constructor 'ServerSessionPool'
    --- property 'client' closes the circle
    at JSON.stringify (<anonymous>)
    at stringify (C:\Users\Asus\OneDrive\Desktop\cineflix\backend\booking-service\node_modules\express\lib\response.js:1034:12)
    at ServerResponse.json (C:\Users\Asus\OneDrive\Desktop\cineflix\backend\booking-service\node_modules\express\lib\response.js:245:14)
    at getAllTheatres (file:///C:/Users/Asus/OneDrive/Desktop/cineflix/backend/booking-service/src/controllers/theatrecontroller.js:33:24)
    at Layer.handleRequest (C:\Users\Asus\OneDrive\Desktop\cineflix\backend\booking-service\node_modules\router\lib\layer.js:152:17)
    at next (C:\Users\Asus\OneDrive\Desktop\cineflix\backend\booking-service\node_modules\router\lib\route.js:157:13)
    at Route.dispatch (C:\Users\Asus\OneDrive\Desktop\cineflix\backend\booking-service\node_modules\router\lib\route.js:117:3)
    at handle (C:\Users\Asus\OneDrive\Desktop\cineflix\backend\booking-service\node_modules\router\index.js:435:11)
    at Layer.handleRequest (C:\Users\Asus\OneDrive\Desktop\cineflix\backend\booking-service\node_modules\router\lib\layer.js:152:17)
    at C:\Users\Asus\OneDrive\Desktop\cineflix\backend\booking-service\node_modules\router\index.js:295:15
2026-08-23 14:19:00 error: Error: querySrv ENOTFOUND _mongodb._tcp.cluster0.giocrh7.mongodb.net
    at QueryReqWrap.onresolve [as oncomplete] (node:internal/dns/promises:294:17)
2026-08-23 14:51:21 error: Error: querySrv ENOTFOUND _mongodb._tcp.cluster0.giocrh7.mongodb.net
    at QueryReqWrap.onresolve [as oncomplete] (node:internal/dns/promises:294:17)
2026-08-23 14:51:32 error: Error: querySrv ENOTFOUND _mongodb._tcp.cluster0.giocrh7.mongodb.net
    at QueryReqWrap.onresolve [as oncomplete] (node:internal/dns/promises:294:17)
